<application>
  <component name="libraryTable">
    <library name="Python 3.6 interpreter library">
      <CLASSES>
        <root url="file:///usr/lib/python3.6" />
        <root url="file:///usr/lib/python3.6/lib-dynload" />
        <root url="file://$USER_HOME$/.local/lib/python3.6/site-packages" />
        <root url="file:///usr/local/lib/python3.6/dist-packages" />
        <root url="file:///usr/lib/python3/dist-packages" />
        <root url="file:///usr/lib/python3.6/dist-packages" />
        <root url="file://$USER_HOME$/.IdeaIC2018.3/system/python_stubs/-1247971763" />
        <root url="file://$APPLICATION_PLUGINS_DIR$/python-ce/helpers/python-skeletons" />
        <root url="file://$APPLICATION_PLUGINS_DIR$/python-ce/helpers/typeshed/stdlib/3" />
        <root url="file://$APPLICATION_PLUGINS_DIR$/python-ce/helpers/typeshed/stdlib/2and3" />
        <root url="file://$APPLICATION_PLUGINS_DIR$/python-ce/helpers/typeshed/third_party/3" />
        <root url="file://$APPLICATION_PLUGINS_DIR$/python-ce/helpers/typeshed/third_party/2and3" />
      </CLASSES>
      <JAVADOC />
      <SOURCES>
        <root url="file:///usr/lib/python3.6" />
        <root url="file:///usr/lib/python3.6/lib-dynload" />
        <root url="file://$USER_HOME$/.local/lib/python3.6/site-packages" />
        <root url="file:///usr/local/lib/python3.6/dist-packages" />
        <root url="file:///usr/lib/python3/dist-packages" />
        <root url="file:///usr/lib/python3.6/dist-packages" />
        <root url="file://$USER_HOME$/.IdeaIC2018.3/system/python_stubs/-1247971763" />
        <root url="file://$APPLICATION_PLUGINS_DIR$/python-ce/helpers/python-skeletons" />
        <root url="file://$APPLICATION_PLUGINS_DIR$/python-ce/helpers/typeshed/stdlib/3" />
        <root url="file://$APPLICATION_PLUGINS_DIR$/python-ce/helpers/typeshed/stdlib/2and3" />
        <root url="file://$APPLICATION_PLUGINS_DIR$/python-ce/helpers/typeshed/third_party/3" />
        <root url="file://$APPLICATION_PLUGINS_DIR$/python-ce/helpers/typeshed/third_party/2and3" />
      </SOURCES>
    </library>
  </component>
</application>