<application>
  <component name="FeatureSuggesterSettings">
    <option name="workingDays">
      <list>
        <option value="1649927122219" />
        <option value="1650009573791" />
        <option value="1650357508919" />
        <option value="1650531527500" />
        <option value="1650635569557" />
        <option value="1650873763353" />
        <option value="1650962573092" />
        <option value="1651046606715" />
        <option value="1651133321277" />
        <option value="1651220535795" />
        <option value="1651482330934" />
        <option value="1651565666721" />
        <option value="1651680557849" />
        <option value="1651757907604" />
        <option value="1652084081390" />
        <option value="1652173659754" />
        <option value="1652257054558" />
        <option value="1652343500002" />
        <option value="1652430025454" />
        <option value="1652690380575" />
        <option value="1652782548547" />
        <option value="1652881570929" />
        <option value="1652948162686" />
        <option value="1653034371331" />
        <option value="1653293525673" />
        <option value="1653382608592" />
      </list>
    </option>
  </component>
</application>