<application>
  <component name="FileTypeManager" version="18">
    <extensionMap>
      <mapping ext="main.kts" type="Kotlin" />
      <mapping pattern="V12__update_frais_bancaires" type="PLAIN_TEXT" />
      <mapping pattern="V14__manage_amount.sql" type="PLAIN_TEXT" />
      <mapping ext="json_encrypted" type="PLAIN_TEXT" />
      <mapping ext="yml_encrypted" type="PLAIN_TEXT" />
      <mapping pattern="V14__manage_amount" type="SQL" />
      <removed_mapping ext="apk" approved="true" type="ARCHIVE" />
      <removed_mapping ext="bat" approved="true" type="PLAIN_TEXT" />
      <removed_mapping ext="cmd" approved="true" type="PLAIN_TEXT" />
      <removed_mapping ext="dockerfile" approved="true" type="textmate" />
      <removed_mapping ext="log" approved="true" type="PLAIN_TEXT" />
      <removed_mapping ext="makefile" approved="true" type="textmate" />
      <removed_mapping ext="psd" approved="true" type="Image" />
      <removed_mapping ext="qrc" approved="true" type="XML" />
      <removed_mapping ext="snakefile" approved="true" type="textmate" />
      <mapping pattern="V12__update_frais_bancaires.sql" type="Android Nine-Patch" />
      <mapping pattern="V14__manage_amount" type="SQL" />
    </extensionMap>
  </component>
</application>