<application>
  <component name="FileTypeManager" version="17">
    <extensionMap>
      <mapping pattern="V12__update_frais_bancaires.sql" type="Android Nine-Patch" />
      <mapping pattern="V12__update_frais_bancaires" type="PLAIN_TEXT" />
      <mapping pattern="V14__manage_amount.sql" type="PLAIN_TEXT" />
      <removed_mapping ext="log" approved="true" type="PLAIN_TEXT" />
      <removed_mapping ext="bat" approved="true" type="PLAIN_TEXT" />
      <removed_mapping ext="cmd" approved="true" type="PLAIN_TEXT" />
      <mapping pattern="V14__manage_amount" type="SQL" />
      <removed_mapping ext="bat" approved="true" type="PLAIN_TEXT" />
      <removed_mapping ext="log" approved="true" type="PLAIN_TEXT" />
      <removed_mapping ext="dockerfile" approved="true" type="textmate" />
      <removed_mapping ext="makefile" approved="true" type="textmate" />
      <removed_mapping ext="cmd" approved="true" type="PLAIN_TEXT" />
      <removed_mapping ext="snakefile" approved="true" type="textmate" />
    </extensionMap>
  </component>
</application>