<application>
  <component name="ProjectJdkTable">
    <jdk version="2">
      <name value="1.8" />
      <type value="JavaSDK" />
      <version value="version 1.8.0_302" />
      <homePath value="$USER_HOME$/.sdkman/candidates/java/current" />
      <roots>
        <annotationsPath>
          <root type="composite">
            <root url="jar://$APPLICATION_HOME_DIR$/plugins/java/lib/jdkAnnotations.jar!/" type="simple" />
            <root url="jar://$APPLICATION_HOME_DIR$/plugins/java/lib/resources/jdkAnnotations.jar!/" type="simple" />
          </root>
        </annotationsPath>
        <classPath>
          <root type="composite">
            <root url="jrt:///home/louckousse/.sdkman/candidates/java/current!/com.azul.crs.client" type="simple" />
            <root url="jrt:///home/louckousse/.sdkman/candidates/java/current!/com.azul.tooling" type="simple" />
            <root url="jrt:///home/louckousse/.sdkman/candidates/java/current!/java.base" type="simple" />
            <root url="jrt:///home/louckousse/.sdkman/candidates/java/current!/java.compiler" type="simple" />
            <root url="jrt:///home/louckousse/.sdkman/candidates/java/current!/java.datatransfer" type="simple" />
            <root url="jrt:///home/louckousse/.sdkman/candidates/java/current!/java.desktop" type="simple" />
            <root url="jrt:///home/louckousse/.sdkman/candidates/java/current!/java.instrument" type="simple" />
            <root url="jrt:///home/louckousse/.sdkman/candidates/java/current!/java.logging" type="simple" />
            <root url="jrt:///home/louckousse/.sdkman/candidates/java/current!/java.management" type="simple" />
            <root url="jrt:///home/louckousse/.sdkman/candidates/java/current!/java.management.rmi" type="simple" />
            <root url="jrt:///home/louckousse/.sdkman/candidates/java/current!/java.naming" type="simple" />
            <root url="jrt:///home/louckousse/.sdkman/candidates/java/current!/java.net.http" type="simple" />
            <root url="jrt:///home/louckousse/.sdkman/candidates/java/current!/java.prefs" type="simple" />
            <root url="jrt:///home/louckousse/.sdkman/candidates/java/current!/java.rmi" type="simple" />
            <root url="jrt:///home/louckousse/.sdkman/candidates/java/current!/java.scripting" type="simple" />
            <root url="jrt:///home/louckousse/.sdkman/candidates/java/current!/java.se" type="simple" />
            <root url="jrt:///home/louckousse/.sdkman/candidates/java/current!/java.security.jgss" type="simple" />
            <root url="jrt:///home/louckousse/.sdkman/candidates/java/current!/java.security.sasl" type="simple" />
            <root url="jrt:///home/louckousse/.sdkman/candidates/java/current!/java.smartcardio" type="simple" />
            <root url="jrt:///home/louckousse/.sdkman/candidates/java/current!/java.sql" type="simple" />
            <root url="jrt:///home/louckousse/.sdkman/candidates/java/current!/java.sql.rowset" type="simple" />
            <root url="jrt:///home/louckousse/.sdkman/candidates/java/current!/java.transaction.xa" type="simple" />
            <root url="jrt:///home/louckousse/.sdkman/candidates/java/current!/java.xml" type="simple" />
            <root url="jrt:///home/louckousse/.sdkman/candidates/java/current!/java.xml.crypto" type="simple" />
            <root url="jrt:///home/louckousse/.sdkman/candidates/java/current!/jdk.accessibility" type="simple" />
            <root url="jrt:///home/louckousse/.sdkman/candidates/java/current!/jdk.attach" type="simple" />
            <root url="jrt:///home/louckousse/.sdkman/candidates/java/current!/jdk.charsets" type="simple" />
            <root url="jrt:///home/louckousse/.sdkman/candidates/java/current!/jdk.compiler" type="simple" />
            <root url="jrt:///home/louckousse/.sdkman/candidates/java/current!/jdk.crypto.cryptoki" type="simple" />
            <root url="jrt:///home/louckousse/.sdkman/candidates/java/current!/jdk.crypto.ec" type="simple" />
            <root url="jrt:///home/louckousse/.sdkman/candidates/java/current!/jdk.dynalink" type="simple" />
            <root url="jrt:///home/louckousse/.sdkman/candidates/java/current!/jdk.editpad" type="simple" />
            <root url="jrt:///home/louckousse/.sdkman/candidates/java/current!/jdk.hotspot.agent" type="simple" />
            <root url="jrt:///home/louckousse/.sdkman/candidates/java/current!/jdk.httpserver" type="simple" />
            <root url="jrt:///home/louckousse/.sdkman/candidates/java/current!/jdk.incubator.foreign" type="simple" />
            <root url="jrt:///home/louckousse/.sdkman/candidates/java/current!/jdk.incubator.vector" type="simple" />
            <root url="jrt:///home/louckousse/.sdkman/candidates/java/current!/jdk.internal.ed" type="simple" />
            <root url="jrt:///home/louckousse/.sdkman/candidates/java/current!/jdk.internal.jvmstat" type="simple" />
            <root url="jrt:///home/louckousse/.sdkman/candidates/java/current!/jdk.internal.le" type="simple" />
            <root url="jrt:///home/louckousse/.sdkman/candidates/java/current!/jdk.internal.opt" type="simple" />
            <root url="jrt:///home/louckousse/.sdkman/candidates/java/current!/jdk.internal.vm.ci" type="simple" />
            <root url="jrt:///home/louckousse/.sdkman/candidates/java/current!/jdk.internal.vm.compiler" type="simple" />
            <root url="jrt:///home/louckousse/.sdkman/candidates/java/current!/jdk.internal.vm.compiler.management" type="simple" />
            <root url="jrt:///home/louckousse/.sdkman/candidates/java/current!/jdk.jartool" type="simple" />
            <root url="jrt:///home/louckousse/.sdkman/candidates/java/current!/jdk.javadoc" type="simple" />
            <root url="jrt:///home/louckousse/.sdkman/candidates/java/current!/jdk.jcmd" type="simple" />
            <root url="jrt:///home/louckousse/.sdkman/candidates/java/current!/jdk.jconsole" type="simple" />
            <root url="jrt:///home/louckousse/.sdkman/candidates/java/current!/jdk.jdeps" type="simple" />
            <root url="jrt:///home/louckousse/.sdkman/candidates/java/current!/jdk.jdi" type="simple" />
            <root url="jrt:///home/louckousse/.sdkman/candidates/java/current!/jdk.jdwp.agent" type="simple" />
            <root url="jrt:///home/louckousse/.sdkman/candidates/java/current!/jdk.jfr" type="simple" />
            <root url="jrt:///home/louckousse/.sdkman/candidates/java/current!/jdk.jlink" type="simple" />
            <root url="jrt:///home/louckousse/.sdkman/candidates/java/current!/jdk.jpackage" type="simple" />
            <root url="jrt:///home/louckousse/.sdkman/candidates/java/current!/jdk.jshell" type="simple" />
            <root url="jrt:///home/louckousse/.sdkman/candidates/java/current!/jdk.jsobject" type="simple" />
            <root url="jrt:///home/louckousse/.sdkman/candidates/java/current!/jdk.jstatd" type="simple" />
            <root url="jrt:///home/louckousse/.sdkman/candidates/java/current!/jdk.localedata" type="simple" />
            <root url="jrt:///home/louckousse/.sdkman/candidates/java/current!/jdk.management" type="simple" />
            <root url="jrt:///home/louckousse/.sdkman/candidates/java/current!/jdk.management.agent" type="simple" />
            <root url="jrt:///home/louckousse/.sdkman/candidates/java/current!/jdk.management.jfr" type="simple" />
            <root url="jrt:///home/louckousse/.sdkman/candidates/java/current!/jdk.naming.dns" type="simple" />
            <root url="jrt:///home/louckousse/.sdkman/candidates/java/current!/jdk.naming.rmi" type="simple" />
            <root url="jrt:///home/louckousse/.sdkman/candidates/java/current!/jdk.net" type="simple" />
            <root url="jrt:///home/louckousse/.sdkman/candidates/java/current!/jdk.nio.mapmode" type="simple" />
            <root url="jrt:///home/louckousse/.sdkman/candidates/java/current!/jdk.random" type="simple" />
            <root url="jrt:///home/louckousse/.sdkman/candidates/java/current!/jdk.sctp" type="simple" />
            <root url="jrt:///home/louckousse/.sdkman/candidates/java/current!/jdk.security.auth" type="simple" />
            <root url="jrt:///home/louckousse/.sdkman/candidates/java/current!/jdk.security.jgss" type="simple" />
            <root url="jrt:///home/louckousse/.sdkman/candidates/java/current!/jdk.unsupported" type="simple" />
            <root url="jrt:///home/louckousse/.sdkman/candidates/java/current!/jdk.unsupported.desktop" type="simple" />
            <root url="jrt:///home/louckousse/.sdkman/candidates/java/current!/jdk.xml.dom" type="simple" />
            <root url="jrt:///home/louckousse/.sdkman/candidates/java/current!/jdk.zipfs" type="simple" />
            <root url="jar://$USER_HOME$/.sdkman/candidates/java/current/jre/lib/charsets.jar!/" type="simple" />
            <root url="jar://$USER_HOME$/.sdkman/candidates/java/current/jre/lib/ext/cldrdata.jar!/" type="simple" />
            <root url="jar://$USER_HOME$/.sdkman/candidates/java/current/jre/lib/ext/dnsns.jar!/" type="simple" />
            <root url="jar://$USER_HOME$/.sdkman/candidates/java/current/jre/lib/ext/jaccess.jar!/" type="simple" />
            <root url="jar://$USER_HOME$/.sdkman/candidates/java/current/jre/lib/ext/localedata.jar!/" type="simple" />
            <root url="jar://$USER_HOME$/.sdkman/candidates/java/current/jre/lib/ext/nashorn.jar!/" type="simple" />
            <root url="jar://$USER_HOME$/.sdkman/candidates/java/current/jre/lib/ext/sunec.jar!/" type="simple" />
            <root url="jar://$USER_HOME$/.sdkman/candidates/java/current/jre/lib/ext/sunjce_provider.jar!/" type="simple" />
            <root url="jar://$USER_HOME$/.sdkman/candidates/java/current/jre/lib/ext/sunpkcs11.jar!/" type="simple" />
            <root url="jar://$USER_HOME$/.sdkman/candidates/java/current/jre/lib/ext/zipfs.jar!/" type="simple" />
            <root url="jar://$USER_HOME$/.sdkman/candidates/java/current/jre/lib/jce.jar!/" type="simple" />
            <root url="jar://$USER_HOME$/.sdkman/candidates/java/current/jre/lib/jfr.jar!/" type="simple" />
            <root url="jar://$USER_HOME$/.sdkman/candidates/java/current/jre/lib/jsse.jar!/" type="simple" />
            <root url="jar://$USER_HOME$/.sdkman/candidates/java/current/jre/lib/management-agent.jar!/" type="simple" />
            <root url="jar://$USER_HOME$/.sdkman/candidates/java/current/jre/lib/resources.jar!/" type="simple" />
            <root url="jar://$USER_HOME$/.sdkman/candidates/java/current/jre/lib/rt.jar!/" type="simple" />
            <root url="jar://$USER_HOME$/.sdkman/candidates/java/8.0.275.open-adpt/jre/lib/charsets.jar!/" type="simple" />
            <root url="jar://$USER_HOME$/.sdkman/candidates/java/8.0.275.open-adpt/jre/lib/ext/cldrdata.jar!/" type="simple" />
            <root url="jar://$USER_HOME$/.sdkman/candidates/java/8.0.275.open-adpt/jre/lib/ext/dnsns.jar!/" type="simple" />
            <root url="jar://$USER_HOME$/.sdkman/candidates/java/8.0.275.open-adpt/jre/lib/ext/jaccess.jar!/" type="simple" />
            <root url="jar://$USER_HOME$/.sdkman/candidates/java/8.0.275.open-adpt/jre/lib/ext/localedata.jar!/" type="simple" />
            <root url="jar://$USER_HOME$/.sdkman/candidates/java/8.0.275.open-adpt/jre/lib/ext/nashorn.jar!/" type="simple" />
            <root url="jar://$USER_HOME$/.sdkman/candidates/java/8.0.275.open-adpt/jre/lib/ext/sunec.jar!/" type="simple" />
            <root url="jar://$USER_HOME$/.sdkman/candidates/java/8.0.275.open-adpt/jre/lib/ext/sunjce_provider.jar!/" type="simple" />
            <root url="jar://$USER_HOME$/.sdkman/candidates/java/8.0.275.open-adpt/jre/lib/ext/sunpkcs11.jar!/" type="simple" />
            <root url="jar://$USER_HOME$/.sdkman/candidates/java/8.0.275.open-adpt/jre/lib/ext/zipfs.jar!/" type="simple" />
            <root url="jar://$USER_HOME$/.sdkman/candidates/java/8.0.275.open-adpt/jre/lib/jce.jar!/" type="simple" />
            <root url="jar://$USER_HOME$/.sdkman/candidates/java/8.0.275.open-adpt/jre/lib/jfr.jar!/" type="simple" />
            <root url="jar://$USER_HOME$/.sdkman/candidates/java/8.0.275.open-adpt/jre/lib/jsse.jar!/" type="simple" />
            <root url="jar://$USER_HOME$/.sdkman/candidates/java/8.0.275.open-adpt/jre/lib/management-agent.jar!/" type="simple" />
            <root url="jar://$USER_HOME$/.sdkman/candidates/java/8.0.275.open-adpt/jre/lib/resources.jar!/" type="simple" />
            <root url="jar://$USER_HOME$/.sdkman/candidates/java/8.0.275.open-adpt/jre/lib/rt.jar!/" type="simple" />
          </root>
        </classPath>
        <javadocPath>
          <root type="composite" />
        </javadocPath>
        <sourcePath>
          <root type="composite">
            <root url="jar://$USER_HOME$/.sdkman/candidates/java/8.0.275.open-adpt/src.zip!/" type="simple" />
            <root url="jar://$USER_HOME$/.sdkman/candidates/java/current/src.zip!/" type="simple" />
            <root url="jar://$USER_HOME$/.sdkman/candidates/java/current/lib/src.zip!/java.se" type="simple" />
            <root url="jar://$USER_HOME$/.sdkman/candidates/java/current/lib/src.zip!/jdk.jdi" type="simple" />
            <root url="jar://$USER_HOME$/.sdkman/candidates/java/current/lib/src.zip!/jdk.jfr" type="simple" />
            <root url="jar://$USER_HOME$/.sdkman/candidates/java/current/lib/src.zip!/jdk.net" type="simple" />
            <root url="jar://$USER_HOME$/.sdkman/candidates/java/current/lib/src.zip!/java.rmi" type="simple" />
            <root url="jar://$USER_HOME$/.sdkman/candidates/java/current/lib/src.zip!/java.sql" type="simple" />
            <root url="jar://$USER_HOME$/.sdkman/candidates/java/current/lib/src.zip!/java.xml" type="simple" />
            <root url="jar://$USER_HOME$/.sdkman/candidates/java/current/lib/src.zip!/jdk.jcmd" type="simple" />
            <root url="jar://$USER_HOME$/.sdkman/candidates/java/current/lib/src.zip!/jdk.sctp" type="simple" />
            <root url="jar://$USER_HOME$/.sdkman/candidates/java/current/lib/src.zip!/java.base" type="simple" />
            <root url="jar://$USER_HOME$/.sdkman/candidates/java/current/lib/src.zip!/jdk.jdeps" type="simple" />
            <root url="jar://$USER_HOME$/.sdkman/candidates/java/current/lib/src.zip!/jdk.jlink" type="simple" />
            <root url="jar://$USER_HOME$/.sdkman/candidates/java/current/lib/src.zip!/jdk.zipfs" type="simple" />
            <root url="jar://$USER_HOME$/.sdkman/candidates/java/current/lib/src.zip!/java.prefs" type="simple" />
            <root url="jar://$USER_HOME$/.sdkman/candidates/java/current/lib/src.zip!/jdk.attach" type="simple" />
            <root url="jar://$USER_HOME$/.sdkman/candidates/java/current/lib/src.zip!/jdk.jshell" type="simple" />
            <root url="jar://$USER_HOME$/.sdkman/candidates/java/current/lib/src.zip!/jdk.jstatd" type="simple" />
            <root url="jar://$USER_HOME$/.sdkman/candidates/java/current/lib/src.zip!/jdk.random" type="simple" />
            <root url="jar://$USER_HOME$/.sdkman/candidates/java/current/lib/src.zip!/java.naming" type="simple" />
            <root url="jar://$USER_HOME$/.sdkman/candidates/java/current/lib/src.zip!/jdk.editpad" type="simple" />
            <root url="jar://$USER_HOME$/.sdkman/candidates/java/current/lib/src.zip!/jdk.jartool" type="simple" />
            <root url="jar://$USER_HOME$/.sdkman/candidates/java/current/lib/src.zip!/jdk.javadoc" type="simple" />
            <root url="jar://$USER_HOME$/.sdkman/candidates/java/current/lib/src.zip!/jdk.xml.dom" type="simple" />
            <root url="jar://$USER_HOME$/.sdkman/candidates/java/current/lib/src.zip!/java.desktop" type="simple" />
            <root url="jar://$USER_HOME$/.sdkman/candidates/java/current/lib/src.zip!/java.logging" type="simple" />
            <root url="jar://$USER_HOME$/.sdkman/candidates/java/current/lib/src.zip!/jdk.charsets" type="simple" />
            <root url="jar://$USER_HOME$/.sdkman/candidates/java/current/lib/src.zip!/jdk.compiler" type="simple" />
            <root url="jar://$USER_HOME$/.sdkman/candidates/java/current/lib/src.zip!/jdk.dynalink" type="simple" />
            <root url="jar://$USER_HOME$/.sdkman/candidates/java/current/lib/src.zip!/jdk.jconsole" type="simple" />
            <root url="jar://$USER_HOME$/.sdkman/candidates/java/current/lib/src.zip!/jdk.jpackage" type="simple" />
            <root url="jar://$USER_HOME$/.sdkman/candidates/java/current/lib/src.zip!/jdk.jsobject" type="simple" />
            <root url="jar://$USER_HOME$/.sdkman/candidates/java/current/lib/src.zip!/java.compiler" type="simple" />
            <root url="jar://$USER_HOME$/.sdkman/candidates/java/current/lib/src.zip!/java.net.http" type="simple" />
            <root url="jar://$USER_HOME$/.sdkman/candidates/java/current/lib/src.zip!/jdk.crypto.ec" type="simple" />
            <root url="jar://$USER_HOME$/.sdkman/candidates/java/current/lib/src.zip!/java.scripting" type="simple" />
            <root url="jar://$USER_HOME$/.sdkman/candidates/java/current/lib/src.zip!/jdk.httpserver" type="simple" />
            <root url="jar://$USER_HOME$/.sdkman/candidates/java/current/lib/src.zip!/jdk.jdwp.agent" type="simple" />
            <root url="jar://$USER_HOME$/.sdkman/candidates/java/current/lib/src.zip!/jdk.localedata" type="simple" />
            <root url="jar://$USER_HOME$/.sdkman/candidates/java/current/lib/src.zip!/jdk.management" type="simple" />
            <root url="jar://$USER_HOME$/.sdkman/candidates/java/current/lib/src.zip!/jdk.naming.dns" type="simple" />
            <root url="jar://$USER_HOME$/.sdkman/candidates/java/current/lib/src.zip!/jdk.naming.rmi" type="simple" />
            <root url="jar://$USER_HOME$/.sdkman/candidates/java/current/lib/src.zip!/java.instrument" type="simple" />
            <root url="jar://$USER_HOME$/.sdkman/candidates/java/current/lib/src.zip!/java.management" type="simple" />
            <root url="jar://$USER_HOME$/.sdkman/candidates/java/current/lib/src.zip!/java.sql.rowset" type="simple" />
            <root url="jar://$USER_HOME$/.sdkman/candidates/java/current/lib/src.zip!/java.xml.crypto" type="simple" />
            <root url="jar://$USER_HOME$/.sdkman/candidates/java/current/lib/src.zip!/jdk.internal.ed" type="simple" />
            <root url="jar://$USER_HOME$/.sdkman/candidates/java/current/lib/src.zip!/jdk.internal.le" type="simple" />
            <root url="jar://$USER_HOME$/.sdkman/candidates/java/current/lib/src.zip!/jdk.nio.mapmode" type="simple" />
            <root url="jar://$USER_HOME$/.sdkman/candidates/java/current/lib/src.zip!/jdk.unsupported" type="simple" />
            <root url="jar://$USER_HOME$/.sdkman/candidates/java/current/lib/src.zip!/com.azul.tooling" type="simple" />
            <root url="jar://$USER_HOME$/.sdkman/candidates/java/current/lib/src.zip!/java.smartcardio" type="simple" />
            <root url="jar://$USER_HOME$/.sdkman/candidates/java/current/lib/src.zip!/jdk.internal.opt" type="simple" />
            <root url="jar://$USER_HOME$/.sdkman/candidates/java/current/lib/src.zip!/java.datatransfer" type="simple" />
            <root url="jar://$USER_HOME$/.sdkman/candidates/java/current/lib/src.zip!/jdk.accessibility" type="simple" />
            <root url="jar://$USER_HOME$/.sdkman/candidates/java/current/lib/src.zip!/jdk.hotspot.agent" type="simple" />
            <root url="jar://$USER_HOME$/.sdkman/candidates/java/current/lib/src.zip!/jdk.security.auth" type="simple" />
            <root url="jar://$USER_HOME$/.sdkman/candidates/java/current/lib/src.zip!/jdk.security.jgss" type="simple" />
            <root url="jar://$USER_HOME$/.sdkman/candidates/java/current/lib/src.zip!/java.security.jgss" type="simple" />
            <root url="jar://$USER_HOME$/.sdkman/candidates/java/current/lib/src.zip!/java.security.sasl" type="simple" />
            <root url="jar://$USER_HOME$/.sdkman/candidates/java/current/lib/src.zip!/jdk.internal.vm.ci" type="simple" />
            <root url="jar://$USER_HOME$/.sdkman/candidates/java/current/lib/src.zip!/jdk.management.jfr" type="simple" />
            <root url="jar://$USER_HOME$/.sdkman/candidates/java/current/lib/src.zip!/com.azul.crs.client" type="simple" />
            <root url="jar://$USER_HOME$/.sdkman/candidates/java/current/lib/src.zip!/java.management.rmi" type="simple" />
            <root url="jar://$USER_HOME$/.sdkman/candidates/java/current/lib/src.zip!/java.transaction.xa" type="simple" />
            <root url="jar://$USER_HOME$/.sdkman/candidates/java/current/lib/src.zip!/jdk.crypto.cryptoki" type="simple" />
            <root url="jar://$USER_HOME$/.sdkman/candidates/java/current/lib/src.zip!/jdk.incubator.vector" type="simple" />
            <root url="jar://$USER_HOME$/.sdkman/candidates/java/current/lib/src.zip!/jdk.internal.jvmstat" type="simple" />
            <root url="jar://$USER_HOME$/.sdkman/candidates/java/current/lib/src.zip!/jdk.management.agent" type="simple" />
            <root url="jar://$USER_HOME$/.sdkman/candidates/java/current/lib/src.zip!/jdk.incubator.foreign" type="simple" />
            <root url="jar://$USER_HOME$/.sdkman/candidates/java/current/lib/src.zip!/jdk.unsupported.desktop" type="simple" />
            <root url="jar://$USER_HOME$/.sdkman/candidates/java/current/lib/src.zip!/jdk.internal.vm.compiler" type="simple" />
            <root url="jar://$USER_HOME$/.sdkman/candidates/java/current/lib/src.zip!/jdk.internal.vm.compiler.management" type="simple" />
          </root>
        </sourcePath>
      </roots>
      <additional />
    </jdk>
    <jdk version="2">
      <name value="zulu-17" />
      <type value="JavaSDK" />
      <version value="java version &quot;17.0.5&quot;" />
      <homePath value="$USER_HOME$/.sdkman/candidates/java/17.0.5-zulu" />
      <roots>
        <annotationsPath>
          <root type="composite">
            <root url="jar://$APPLICATION_HOME_DIR$/plugins/java/lib/resources/jdkAnnotations.jar!/" type="simple" />
          </root>
        </annotationsPath>
        <classPath>
          <root type="composite">
            <root url="jrt:///home/louckousse/.sdkman/candidates/java/17.0.5-zulu!/com.azul.crs.client" type="simple" />
            <root url="jrt:///home/louckousse/.sdkman/candidates/java/17.0.5-zulu!/com.azul.tooling" type="simple" />
            <root url="jrt:///home/louckousse/.sdkman/candidates/java/17.0.5-zulu!/java.base" type="simple" />
            <root url="jrt:///home/louckousse/.sdkman/candidates/java/17.0.5-zulu!/java.compiler" type="simple" />
            <root url="jrt:///home/louckousse/.sdkman/candidates/java/17.0.5-zulu!/java.datatransfer" type="simple" />
            <root url="jrt:///home/louckousse/.sdkman/candidates/java/17.0.5-zulu!/java.desktop" type="simple" />
            <root url="jrt:///home/louckousse/.sdkman/candidates/java/17.0.5-zulu!/java.instrument" type="simple" />
            <root url="jrt:///home/louckousse/.sdkman/candidates/java/17.0.5-zulu!/java.logging" type="simple" />
            <root url="jrt:///home/louckousse/.sdkman/candidates/java/17.0.5-zulu!/java.management" type="simple" />
            <root url="jrt:///home/louckousse/.sdkman/candidates/java/17.0.5-zulu!/java.management.rmi" type="simple" />
            <root url="jrt:///home/louckousse/.sdkman/candidates/java/17.0.5-zulu!/java.naming" type="simple" />
            <root url="jrt:///home/louckousse/.sdkman/candidates/java/17.0.5-zulu!/java.net.http" type="simple" />
            <root url="jrt:///home/louckousse/.sdkman/candidates/java/17.0.5-zulu!/java.prefs" type="simple" />
            <root url="jrt:///home/louckousse/.sdkman/candidates/java/17.0.5-zulu!/java.rmi" type="simple" />
            <root url="jrt:///home/louckousse/.sdkman/candidates/java/17.0.5-zulu!/java.scripting" type="simple" />
            <root url="jrt:///home/louckousse/.sdkman/candidates/java/17.0.5-zulu!/java.se" type="simple" />
            <root url="jrt:///home/louckousse/.sdkman/candidates/java/17.0.5-zulu!/java.security.jgss" type="simple" />
            <root url="jrt:///home/louckousse/.sdkman/candidates/java/17.0.5-zulu!/java.security.sasl" type="simple" />
            <root url="jrt:///home/louckousse/.sdkman/candidates/java/17.0.5-zulu!/java.smartcardio" type="simple" />
            <root url="jrt:///home/louckousse/.sdkman/candidates/java/17.0.5-zulu!/java.sql" type="simple" />
            <root url="jrt:///home/louckousse/.sdkman/candidates/java/17.0.5-zulu!/java.sql.rowset" type="simple" />
            <root url="jrt:///home/louckousse/.sdkman/candidates/java/17.0.5-zulu!/java.transaction.xa" type="simple" />
            <root url="jrt:///home/louckousse/.sdkman/candidates/java/17.0.5-zulu!/java.xml" type="simple" />
            <root url="jrt:///home/louckousse/.sdkman/candidates/java/17.0.5-zulu!/java.xml.crypto" type="simple" />
            <root url="jrt:///home/louckousse/.sdkman/candidates/java/17.0.5-zulu!/jdk.accessibility" type="simple" />
            <root url="jrt:///home/louckousse/.sdkman/candidates/java/17.0.5-zulu!/jdk.attach" type="simple" />
            <root url="jrt:///home/louckousse/.sdkman/candidates/java/17.0.5-zulu!/jdk.charsets" type="simple" />
            <root url="jrt:///home/louckousse/.sdkman/candidates/java/17.0.5-zulu!/jdk.compiler" type="simple" />
            <root url="jrt:///home/louckousse/.sdkman/candidates/java/17.0.5-zulu!/jdk.crypto.cryptoki" type="simple" />
            <root url="jrt:///home/louckousse/.sdkman/candidates/java/17.0.5-zulu!/jdk.crypto.ec" type="simple" />
            <root url="jrt:///home/louckousse/.sdkman/candidates/java/17.0.5-zulu!/jdk.dynalink" type="simple" />
            <root url="jrt:///home/louckousse/.sdkman/candidates/java/17.0.5-zulu!/jdk.editpad" type="simple" />
            <root url="jrt:///home/louckousse/.sdkman/candidates/java/17.0.5-zulu!/jdk.hotspot.agent" type="simple" />
            <root url="jrt:///home/louckousse/.sdkman/candidates/java/17.0.5-zulu!/jdk.httpserver" type="simple" />
            <root url="jrt:///home/louckousse/.sdkman/candidates/java/17.0.5-zulu!/jdk.incubator.foreign" type="simple" />
            <root url="jrt:///home/louckousse/.sdkman/candidates/java/17.0.5-zulu!/jdk.incubator.vector" type="simple" />
            <root url="jrt:///home/louckousse/.sdkman/candidates/java/17.0.5-zulu!/jdk.internal.ed" type="simple" />
            <root url="jrt:///home/louckousse/.sdkman/candidates/java/17.0.5-zulu!/jdk.internal.jvmstat" type="simple" />
            <root url="jrt:///home/louckousse/.sdkman/candidates/java/17.0.5-zulu!/jdk.internal.le" type="simple" />
            <root url="jrt:///home/louckousse/.sdkman/candidates/java/17.0.5-zulu!/jdk.internal.opt" type="simple" />
            <root url="jrt:///home/louckousse/.sdkman/candidates/java/17.0.5-zulu!/jdk.internal.vm.ci" type="simple" />
            <root url="jrt:///home/louckousse/.sdkman/candidates/java/17.0.5-zulu!/jdk.internal.vm.compiler" type="simple" />
            <root url="jrt:///home/louckousse/.sdkman/candidates/java/17.0.5-zulu!/jdk.internal.vm.compiler.management" type="simple" />
            <root url="jrt:///home/louckousse/.sdkman/candidates/java/17.0.5-zulu!/jdk.jartool" type="simple" />
            <root url="jrt:///home/louckousse/.sdkman/candidates/java/17.0.5-zulu!/jdk.javadoc" type="simple" />
            <root url="jrt:///home/louckousse/.sdkman/candidates/java/17.0.5-zulu!/jdk.jcmd" type="simple" />
            <root url="jrt:///home/louckousse/.sdkman/candidates/java/17.0.5-zulu!/jdk.jconsole" type="simple" />
            <root url="jrt:///home/louckousse/.sdkman/candidates/java/17.0.5-zulu!/jdk.jdeps" type="simple" />
            <root url="jrt:///home/louckousse/.sdkman/candidates/java/17.0.5-zulu!/jdk.jdi" type="simple" />
            <root url="jrt:///home/louckousse/.sdkman/candidates/java/17.0.5-zulu!/jdk.jdwp.agent" type="simple" />
            <root url="jrt:///home/louckousse/.sdkman/candidates/java/17.0.5-zulu!/jdk.jfr" type="simple" />
            <root url="jrt:///home/louckousse/.sdkman/candidates/java/17.0.5-zulu!/jdk.jlink" type="simple" />
            <root url="jrt:///home/louckousse/.sdkman/candidates/java/17.0.5-zulu!/jdk.jpackage" type="simple" />
            <root url="jrt:///home/louckousse/.sdkman/candidates/java/17.0.5-zulu!/jdk.jshell" type="simple" />
            <root url="jrt:///home/louckousse/.sdkman/candidates/java/17.0.5-zulu!/jdk.jsobject" type="simple" />
            <root url="jrt:///home/louckousse/.sdkman/candidates/java/17.0.5-zulu!/jdk.jstatd" type="simple" />
            <root url="jrt:///home/louckousse/.sdkman/candidates/java/17.0.5-zulu!/jdk.localedata" type="simple" />
            <root url="jrt:///home/louckousse/.sdkman/candidates/java/17.0.5-zulu!/jdk.management" type="simple" />
            <root url="jrt:///home/louckousse/.sdkman/candidates/java/17.0.5-zulu!/jdk.management.agent" type="simple" />
            <root url="jrt:///home/louckousse/.sdkman/candidates/java/17.0.5-zulu!/jdk.management.jfr" type="simple" />
            <root url="jrt:///home/louckousse/.sdkman/candidates/java/17.0.5-zulu!/jdk.naming.dns" type="simple" />
            <root url="jrt:///home/louckousse/.sdkman/candidates/java/17.0.5-zulu!/jdk.naming.rmi" type="simple" />
            <root url="jrt:///home/louckousse/.sdkman/candidates/java/17.0.5-zulu!/jdk.net" type="simple" />
            <root url="jrt:///home/louckousse/.sdkman/candidates/java/17.0.5-zulu!/jdk.nio.mapmode" type="simple" />
            <root url="jrt:///home/louckousse/.sdkman/candidates/java/17.0.5-zulu!/jdk.random" type="simple" />
            <root url="jrt:///home/louckousse/.sdkman/candidates/java/17.0.5-zulu!/jdk.sctp" type="simple" />
            <root url="jrt:///home/louckousse/.sdkman/candidates/java/17.0.5-zulu!/jdk.security.auth" type="simple" />
            <root url="jrt:///home/louckousse/.sdkman/candidates/java/17.0.5-zulu!/jdk.security.jgss" type="simple" />
            <root url="jrt:///home/louckousse/.sdkman/candidates/java/17.0.5-zulu!/jdk.unsupported" type="simple" />
            <root url="jrt:///home/louckousse/.sdkman/candidates/java/17.0.5-zulu!/jdk.unsupported.desktop" type="simple" />
            <root url="jrt:///home/louckousse/.sdkman/candidates/java/17.0.5-zulu!/jdk.xml.dom" type="simple" />
            <root url="jrt:///home/louckousse/.sdkman/candidates/java/17.0.5-zulu!/jdk.zipfs" type="simple" />
          </root>
        </classPath>
        <javadocPath>
          <root type="composite" />
        </javadocPath>
        <sourcePath>
          <root type="composite">
            <root url="jar://$USER_HOME$/.sdkman/candidates/java/17.0.5-zulu/lib/src.zip!/java.se" type="simple" />
            <root url="jar://$USER_HOME$/.sdkman/candidates/java/17.0.5-zulu/lib/src.zip!/jdk.jdi" type="simple" />
            <root url="jar://$USER_HOME$/.sdkman/candidates/java/17.0.5-zulu/lib/src.zip!/jdk.jfr" type="simple" />
            <root url="jar://$USER_HOME$/.sdkman/candidates/java/17.0.5-zulu/lib/src.zip!/jdk.net" type="simple" />
            <root url="jar://$USER_HOME$/.sdkman/candidates/java/17.0.5-zulu/lib/src.zip!/java.rmi" type="simple" />
            <root url="jar://$USER_HOME$/.sdkman/candidates/java/17.0.5-zulu/lib/src.zip!/java.sql" type="simple" />
            <root url="jar://$USER_HOME$/.sdkman/candidates/java/17.0.5-zulu/lib/src.zip!/java.xml" type="simple" />
            <root url="jar://$USER_HOME$/.sdkman/candidates/java/17.0.5-zulu/lib/src.zip!/jdk.jcmd" type="simple" />
            <root url="jar://$USER_HOME$/.sdkman/candidates/java/17.0.5-zulu/lib/src.zip!/jdk.sctp" type="simple" />
            <root url="jar://$USER_HOME$/.sdkman/candidates/java/17.0.5-zulu/lib/src.zip!/java.base" type="simple" />
            <root url="jar://$USER_HOME$/.sdkman/candidates/java/17.0.5-zulu/lib/src.zip!/jdk.jdeps" type="simple" />
            <root url="jar://$USER_HOME$/.sdkman/candidates/java/17.0.5-zulu/lib/src.zip!/jdk.jlink" type="simple" />
            <root url="jar://$USER_HOME$/.sdkman/candidates/java/17.0.5-zulu/lib/src.zip!/jdk.zipfs" type="simple" />
            <root url="jar://$USER_HOME$/.sdkman/candidates/java/17.0.5-zulu/lib/src.zip!/java.prefs" type="simple" />
            <root url="jar://$USER_HOME$/.sdkman/candidates/java/17.0.5-zulu/lib/src.zip!/jdk.attach" type="simple" />
            <root url="jar://$USER_HOME$/.sdkman/candidates/java/17.0.5-zulu/lib/src.zip!/jdk.jshell" type="simple" />
            <root url="jar://$USER_HOME$/.sdkman/candidates/java/17.0.5-zulu/lib/src.zip!/jdk.jstatd" type="simple" />
            <root url="jar://$USER_HOME$/.sdkman/candidates/java/17.0.5-zulu/lib/src.zip!/jdk.random" type="simple" />
            <root url="jar://$USER_HOME$/.sdkman/candidates/java/17.0.5-zulu/lib/src.zip!/java.naming" type="simple" />
            <root url="jar://$USER_HOME$/.sdkman/candidates/java/17.0.5-zulu/lib/src.zip!/jdk.editpad" type="simple" />
            <root url="jar://$USER_HOME$/.sdkman/candidates/java/17.0.5-zulu/lib/src.zip!/jdk.jartool" type="simple" />
            <root url="jar://$USER_HOME$/.sdkman/candidates/java/17.0.5-zulu/lib/src.zip!/jdk.javadoc" type="simple" />
            <root url="jar://$USER_HOME$/.sdkman/candidates/java/17.0.5-zulu/lib/src.zip!/jdk.xml.dom" type="simple" />
            <root url="jar://$USER_HOME$/.sdkman/candidates/java/17.0.5-zulu/lib/src.zip!/java.desktop" type="simple" />
            <root url="jar://$USER_HOME$/.sdkman/candidates/java/17.0.5-zulu/lib/src.zip!/java.logging" type="simple" />
            <root url="jar://$USER_HOME$/.sdkman/candidates/java/17.0.5-zulu/lib/src.zip!/jdk.charsets" type="simple" />
            <root url="jar://$USER_HOME$/.sdkman/candidates/java/17.0.5-zulu/lib/src.zip!/jdk.compiler" type="simple" />
            <root url="jar://$USER_HOME$/.sdkman/candidates/java/17.0.5-zulu/lib/src.zip!/jdk.dynalink" type="simple" />
            <root url="jar://$USER_HOME$/.sdkman/candidates/java/17.0.5-zulu/lib/src.zip!/jdk.jconsole" type="simple" />
            <root url="jar://$USER_HOME$/.sdkman/candidates/java/17.0.5-zulu/lib/src.zip!/jdk.jpackage" type="simple" />
            <root url="jar://$USER_HOME$/.sdkman/candidates/java/17.0.5-zulu/lib/src.zip!/jdk.jsobject" type="simple" />
            <root url="jar://$USER_HOME$/.sdkman/candidates/java/17.0.5-zulu/lib/src.zip!/java.compiler" type="simple" />
            <root url="jar://$USER_HOME$/.sdkman/candidates/java/17.0.5-zulu/lib/src.zip!/java.net.http" type="simple" />
            <root url="jar://$USER_HOME$/.sdkman/candidates/java/17.0.5-zulu/lib/src.zip!/jdk.crypto.ec" type="simple" />
            <root url="jar://$USER_HOME$/.sdkman/candidates/java/17.0.5-zulu/lib/src.zip!/java.scripting" type="simple" />
            <root url="jar://$USER_HOME$/.sdkman/candidates/java/17.0.5-zulu/lib/src.zip!/jdk.httpserver" type="simple" />
            <root url="jar://$USER_HOME$/.sdkman/candidates/java/17.0.5-zulu/lib/src.zip!/jdk.jdwp.agent" type="simple" />
            <root url="jar://$USER_HOME$/.sdkman/candidates/java/17.0.5-zulu/lib/src.zip!/jdk.localedata" type="simple" />
            <root url="jar://$USER_HOME$/.sdkman/candidates/java/17.0.5-zulu/lib/src.zip!/jdk.management" type="simple" />
            <root url="jar://$USER_HOME$/.sdkman/candidates/java/17.0.5-zulu/lib/src.zip!/jdk.naming.dns" type="simple" />
            <root url="jar://$USER_HOME$/.sdkman/candidates/java/17.0.5-zulu/lib/src.zip!/jdk.naming.rmi" type="simple" />
            <root url="jar://$USER_HOME$/.sdkman/candidates/java/17.0.5-zulu/lib/src.zip!/java.instrument" type="simple" />
            <root url="jar://$USER_HOME$/.sdkman/candidates/java/17.0.5-zulu/lib/src.zip!/java.management" type="simple" />
            <root url="jar://$USER_HOME$/.sdkman/candidates/java/17.0.5-zulu/lib/src.zip!/java.sql.rowset" type="simple" />
            <root url="jar://$USER_HOME$/.sdkman/candidates/java/17.0.5-zulu/lib/src.zip!/java.xml.crypto" type="simple" />
            <root url="jar://$USER_HOME$/.sdkman/candidates/java/17.0.5-zulu/lib/src.zip!/jdk.internal.ed" type="simple" />
            <root url="jar://$USER_HOME$/.sdkman/candidates/java/17.0.5-zulu/lib/src.zip!/jdk.internal.le" type="simple" />
            <root url="jar://$USER_HOME$/.sdkman/candidates/java/17.0.5-zulu/lib/src.zip!/jdk.nio.mapmode" type="simple" />
            <root url="jar://$USER_HOME$/.sdkman/candidates/java/17.0.5-zulu/lib/src.zip!/jdk.unsupported" type="simple" />
            <root url="jar://$USER_HOME$/.sdkman/candidates/java/17.0.5-zulu/lib/src.zip!/com.azul.tooling" type="simple" />
            <root url="jar://$USER_HOME$/.sdkman/candidates/java/17.0.5-zulu/lib/src.zip!/java.smartcardio" type="simple" />
            <root url="jar://$USER_HOME$/.sdkman/candidates/java/17.0.5-zulu/lib/src.zip!/jdk.internal.opt" type="simple" />
            <root url="jar://$USER_HOME$/.sdkman/candidates/java/17.0.5-zulu/lib/src.zip!/java.datatransfer" type="simple" />
            <root url="jar://$USER_HOME$/.sdkman/candidates/java/17.0.5-zulu/lib/src.zip!/jdk.accessibility" type="simple" />
            <root url="jar://$USER_HOME$/.sdkman/candidates/java/17.0.5-zulu/lib/src.zip!/jdk.hotspot.agent" type="simple" />
            <root url="jar://$USER_HOME$/.sdkman/candidates/java/17.0.5-zulu/lib/src.zip!/jdk.security.auth" type="simple" />
            <root url="jar://$USER_HOME$/.sdkman/candidates/java/17.0.5-zulu/lib/src.zip!/jdk.security.jgss" type="simple" />
            <root url="jar://$USER_HOME$/.sdkman/candidates/java/17.0.5-zulu/lib/src.zip!/java.security.jgss" type="simple" />
            <root url="jar://$USER_HOME$/.sdkman/candidates/java/17.0.5-zulu/lib/src.zip!/java.security.sasl" type="simple" />
            <root url="jar://$USER_HOME$/.sdkman/candidates/java/17.0.5-zulu/lib/src.zip!/jdk.internal.vm.ci" type="simple" />
            <root url="jar://$USER_HOME$/.sdkman/candidates/java/17.0.5-zulu/lib/src.zip!/jdk.management.jfr" type="simple" />
            <root url="jar://$USER_HOME$/.sdkman/candidates/java/17.0.5-zulu/lib/src.zip!/com.azul.crs.client" type="simple" />
            <root url="jar://$USER_HOME$/.sdkman/candidates/java/17.0.5-zulu/lib/src.zip!/java.management.rmi" type="simple" />
            <root url="jar://$USER_HOME$/.sdkman/candidates/java/17.0.5-zulu/lib/src.zip!/java.transaction.xa" type="simple" />
            <root url="jar://$USER_HOME$/.sdkman/candidates/java/17.0.5-zulu/lib/src.zip!/jdk.crypto.cryptoki" type="simple" />
            <root url="jar://$USER_HOME$/.sdkman/candidates/java/17.0.5-zulu/lib/src.zip!/jdk.incubator.vector" type="simple" />
            <root url="jar://$USER_HOME$/.sdkman/candidates/java/17.0.5-zulu/lib/src.zip!/jdk.internal.jvmstat" type="simple" />
            <root url="jar://$USER_HOME$/.sdkman/candidates/java/17.0.5-zulu/lib/src.zip!/jdk.management.agent" type="simple" />
            <root url="jar://$USER_HOME$/.sdkman/candidates/java/17.0.5-zulu/lib/src.zip!/jdk.incubator.foreign" type="simple" />
            <root url="jar://$USER_HOME$/.sdkman/candidates/java/17.0.5-zulu/lib/src.zip!/jdk.unsupported.desktop" type="simple" />
            <root url="jar://$USER_HOME$/.sdkman/candidates/java/17.0.5-zulu/lib/src.zip!/jdk.internal.vm.compiler" type="simple" />
            <root url="jar://$USER_HOME$/.sdkman/candidates/java/17.0.5-zulu/lib/src.zip!/jdk.internal.vm.compiler.management" type="simple" />
          </root>
        </sourcePath>
      </roots>
      <additional />
    </jdk>
    <jdk version="2">
      <name value="11" />
      <type value="JavaSDK" />
      <version value="java version &quot;11.0.18&quot;" />
      <homePath value="/usr/lib/jvm/java-11-openjdk" />
      <roots>
        <annotationsPath>
          <root type="composite">
            <root url="jar://$APPLICATION_HOME_DIR$/plugins/java/lib/resources/jdkAnnotations.jar!/" type="simple" />
          </root>
        </annotationsPath>
        <classPath>
          <root type="composite">
            <root url="jrt:///usr/lib/jvm/java-11-openjdk!/java.base" type="simple" />
            <root url="jrt:///usr/lib/jvm/java-11-openjdk!/java.compiler" type="simple" />
            <root url="jrt:///usr/lib/jvm/java-11-openjdk!/java.datatransfer" type="simple" />
            <root url="jrt:///usr/lib/jvm/java-11-openjdk!/java.desktop" type="simple" />
            <root url="jrt:///usr/lib/jvm/java-11-openjdk!/java.instrument" type="simple" />
            <root url="jrt:///usr/lib/jvm/java-11-openjdk!/java.logging" type="simple" />
            <root url="jrt:///usr/lib/jvm/java-11-openjdk!/java.management" type="simple" />
            <root url="jrt:///usr/lib/jvm/java-11-openjdk!/java.management.rmi" type="simple" />
            <root url="jrt:///usr/lib/jvm/java-11-openjdk!/java.naming" type="simple" />
            <root url="jrt:///usr/lib/jvm/java-11-openjdk!/java.net.http" type="simple" />
            <root url="jrt:///usr/lib/jvm/java-11-openjdk!/java.prefs" type="simple" />
            <root url="jrt:///usr/lib/jvm/java-11-openjdk!/java.rmi" type="simple" />
            <root url="jrt:///usr/lib/jvm/java-11-openjdk!/java.scripting" type="simple" />
            <root url="jrt:///usr/lib/jvm/java-11-openjdk!/java.se" type="simple" />
            <root url="jrt:///usr/lib/jvm/java-11-openjdk!/java.security.jgss" type="simple" />
            <root url="jrt:///usr/lib/jvm/java-11-openjdk!/java.security.sasl" type="simple" />
            <root url="jrt:///usr/lib/jvm/java-11-openjdk!/java.smartcardio" type="simple" />
            <root url="jrt:///usr/lib/jvm/java-11-openjdk!/java.sql" type="simple" />
            <root url="jrt:///usr/lib/jvm/java-11-openjdk!/java.sql.rowset" type="simple" />
            <root url="jrt:///usr/lib/jvm/java-11-openjdk!/java.transaction.xa" type="simple" />
            <root url="jrt:///usr/lib/jvm/java-11-openjdk!/java.xml" type="simple" />
            <root url="jrt:///usr/lib/jvm/java-11-openjdk!/java.xml.crypto" type="simple" />
            <root url="jrt:///usr/lib/jvm/java-11-openjdk!/jdk.accessibility" type="simple" />
            <root url="jrt:///usr/lib/jvm/java-11-openjdk!/jdk.aot" type="simple" />
            <root url="jrt:///usr/lib/jvm/java-11-openjdk!/jdk.attach" type="simple" />
            <root url="jrt:///usr/lib/jvm/java-11-openjdk!/jdk.charsets" type="simple" />
            <root url="jrt:///usr/lib/jvm/java-11-openjdk!/jdk.compiler" type="simple" />
            <root url="jrt:///usr/lib/jvm/java-11-openjdk!/jdk.crypto.cryptoki" type="simple" />
            <root url="jrt:///usr/lib/jvm/java-11-openjdk!/jdk.crypto.ec" type="simple" />
            <root url="jrt:///usr/lib/jvm/java-11-openjdk!/jdk.dynalink" type="simple" />
            <root url="jrt:///usr/lib/jvm/java-11-openjdk!/jdk.editpad" type="simple" />
            <root url="jrt:///usr/lib/jvm/java-11-openjdk!/jdk.hotspot.agent" type="simple" />
            <root url="jrt:///usr/lib/jvm/java-11-openjdk!/jdk.httpserver" type="simple" />
            <root url="jrt:///usr/lib/jvm/java-11-openjdk!/jdk.internal.ed" type="simple" />
            <root url="jrt:///usr/lib/jvm/java-11-openjdk!/jdk.internal.jvmstat" type="simple" />
            <root url="jrt:///usr/lib/jvm/java-11-openjdk!/jdk.internal.le" type="simple" />
            <root url="jrt:///usr/lib/jvm/java-11-openjdk!/jdk.internal.opt" type="simple" />
            <root url="jrt:///usr/lib/jvm/java-11-openjdk!/jdk.internal.vm.ci" type="simple" />
            <root url="jrt:///usr/lib/jvm/java-11-openjdk!/jdk.internal.vm.compiler" type="simple" />
            <root url="jrt:///usr/lib/jvm/java-11-openjdk!/jdk.internal.vm.compiler.management" type="simple" />
            <root url="jrt:///usr/lib/jvm/java-11-openjdk!/jdk.jartool" type="simple" />
            <root url="jrt:///usr/lib/jvm/java-11-openjdk!/jdk.javadoc" type="simple" />
            <root url="jrt:///usr/lib/jvm/java-11-openjdk!/jdk.jcmd" type="simple" />
            <root url="jrt:///usr/lib/jvm/java-11-openjdk!/jdk.jconsole" type="simple" />
            <root url="jrt:///usr/lib/jvm/java-11-openjdk!/jdk.jdeps" type="simple" />
            <root url="jrt:///usr/lib/jvm/java-11-openjdk!/jdk.jdi" type="simple" />
            <root url="jrt:///usr/lib/jvm/java-11-openjdk!/jdk.jdwp.agent" type="simple" />
            <root url="jrt:///usr/lib/jvm/java-11-openjdk!/jdk.jfr" type="simple" />
            <root url="jrt:///usr/lib/jvm/java-11-openjdk!/jdk.jlink" type="simple" />
            <root url="jrt:///usr/lib/jvm/java-11-openjdk!/jdk.jshell" type="simple" />
            <root url="jrt:///usr/lib/jvm/java-11-openjdk!/jdk.jsobject" type="simple" />
            <root url="jrt:///usr/lib/jvm/java-11-openjdk!/jdk.jstatd" type="simple" />
            <root url="jrt:///usr/lib/jvm/java-11-openjdk!/jdk.localedata" type="simple" />
            <root url="jrt:///usr/lib/jvm/java-11-openjdk!/jdk.management" type="simple" />
            <root url="jrt:///usr/lib/jvm/java-11-openjdk!/jdk.management.agent" type="simple" />
            <root url="jrt:///usr/lib/jvm/java-11-openjdk!/jdk.management.jfr" type="simple" />
            <root url="jrt:///usr/lib/jvm/java-11-openjdk!/jdk.naming.dns" type="simple" />
            <root url="jrt:///usr/lib/jvm/java-11-openjdk!/jdk.naming.ldap" type="simple" />
            <root url="jrt:///usr/lib/jvm/java-11-openjdk!/jdk.naming.rmi" type="simple" />
            <root url="jrt:///usr/lib/jvm/java-11-openjdk!/jdk.net" type="simple" />
            <root url="jrt:///usr/lib/jvm/java-11-openjdk!/jdk.pack" type="simple" />
            <root url="jrt:///usr/lib/jvm/java-11-openjdk!/jdk.rmic" type="simple" />
            <root url="jrt:///usr/lib/jvm/java-11-openjdk!/jdk.scripting.nashorn" type="simple" />
            <root url="jrt:///usr/lib/jvm/java-11-openjdk!/jdk.scripting.nashorn.shell" type="simple" />
            <root url="jrt:///usr/lib/jvm/java-11-openjdk!/jdk.sctp" type="simple" />
            <root url="jrt:///usr/lib/jvm/java-11-openjdk!/jdk.security.auth" type="simple" />
            <root url="jrt:///usr/lib/jvm/java-11-openjdk!/jdk.security.jgss" type="simple" />
            <root url="jrt:///usr/lib/jvm/java-11-openjdk!/jdk.unsupported" type="simple" />
            <root url="jrt:///usr/lib/jvm/java-11-openjdk!/jdk.unsupported.desktop" type="simple" />
            <root url="jrt:///usr/lib/jvm/java-11-openjdk!/jdk.xml.dom" type="simple" />
            <root url="jrt:///usr/lib/jvm/java-11-openjdk!/jdk.zipfs" type="simple" />
          </root>
        </classPath>
        <javadocPath>
          <root type="composite">
            <root url="https://docs.oracle.com/en/java/javase/11/docs/api/" type="simple" />
          </root>
        </javadocPath>
        <sourcePath>
          <root type="composite" />
        </sourcePath>
      </roots>
      <additional />
    </jdk>
  </component>
</application>