<application>
  <component name="ProjectJdkTable">
    <jdk version="2">
      <name value="11" />
      <type value="JavaSDK" />
      <version value="java version &quot;11.0.1&quot;" />
      <homePath value="$USER_HOME$/.sdkman/candidates/java/11.0.1-open" />
      <roots>
        <annotationsPath>
          <root type="composite">
            <root url="jar://$APPLICATION_HOME_DIR$/lib/jdkAnnotations.jar!/" type="simple" />
          </root>
        </annotationsPath>
        <classPath>
          <root type="composite">
            <root url="jrt:///home/lucas/.sdkman/candidates/java/11.0.1-open!/java.base" type="simple" />
            <root url="jrt:///home/lucas/.sdkman/candidates/java/11.0.1-open!/java.compiler" type="simple" />
            <root url="jrt:///home/lucas/.sdkman/candidates/java/11.0.1-open!/java.datatransfer" type="simple" />
            <root url="jrt:///home/lucas/.sdkman/candidates/java/11.0.1-open!/java.desktop" type="simple" />
            <root url="jrt:///home/lucas/.sdkman/candidates/java/11.0.1-open!/java.instrument" type="simple" />
            <root url="jrt:///home/lucas/.sdkman/candidates/java/11.0.1-open!/java.logging" type="simple" />
            <root url="jrt:///home/lucas/.sdkman/candidates/java/11.0.1-open!/java.management" type="simple" />
            <root url="jrt:///home/lucas/.sdkman/candidates/java/11.0.1-open!/java.management.rmi" type="simple" />
            <root url="jrt:///home/lucas/.sdkman/candidates/java/11.0.1-open!/java.naming" type="simple" />
            <root url="jrt:///home/lucas/.sdkman/candidates/java/11.0.1-open!/java.net.http" type="simple" />
            <root url="jrt:///home/lucas/.sdkman/candidates/java/11.0.1-open!/java.prefs" type="simple" />
            <root url="jrt:///home/lucas/.sdkman/candidates/java/11.0.1-open!/java.rmi" type="simple" />
            <root url="jrt:///home/lucas/.sdkman/candidates/java/11.0.1-open!/java.scripting" type="simple" />
            <root url="jrt:///home/lucas/.sdkman/candidates/java/11.0.1-open!/java.se" type="simple" />
            <root url="jrt:///home/lucas/.sdkman/candidates/java/11.0.1-open!/java.security.jgss" type="simple" />
            <root url="jrt:///home/lucas/.sdkman/candidates/java/11.0.1-open!/java.security.sasl" type="simple" />
            <root url="jrt:///home/lucas/.sdkman/candidates/java/11.0.1-open!/java.smartcardio" type="simple" />
            <root url="jrt:///home/lucas/.sdkman/candidates/java/11.0.1-open!/java.sql" type="simple" />
            <root url="jrt:///home/lucas/.sdkman/candidates/java/11.0.1-open!/java.sql.rowset" type="simple" />
            <root url="jrt:///home/lucas/.sdkman/candidates/java/11.0.1-open!/java.transaction.xa" type="simple" />
            <root url="jrt:///home/lucas/.sdkman/candidates/java/11.0.1-open!/java.xml" type="simple" />
            <root url="jrt:///home/lucas/.sdkman/candidates/java/11.0.1-open!/java.xml.crypto" type="simple" />
            <root url="jrt:///home/lucas/.sdkman/candidates/java/11.0.1-open!/jdk.accessibility" type="simple" />
            <root url="jrt:///home/lucas/.sdkman/candidates/java/11.0.1-open!/jdk.aot" type="simple" />
            <root url="jrt:///home/lucas/.sdkman/candidates/java/11.0.1-open!/jdk.attach" type="simple" />
            <root url="jrt:///home/lucas/.sdkman/candidates/java/11.0.1-open!/jdk.charsets" type="simple" />
            <root url="jrt:///home/lucas/.sdkman/candidates/java/11.0.1-open!/jdk.compiler" type="simple" />
            <root url="jrt:///home/lucas/.sdkman/candidates/java/11.0.1-open!/jdk.crypto.cryptoki" type="simple" />
            <root url="jrt:///home/lucas/.sdkman/candidates/java/11.0.1-open!/jdk.crypto.ec" type="simple" />
            <root url="jrt:///home/lucas/.sdkman/candidates/java/11.0.1-open!/jdk.dynalink" type="simple" />
            <root url="jrt:///home/lucas/.sdkman/candidates/java/11.0.1-open!/jdk.editpad" type="simple" />
            <root url="jrt:///home/lucas/.sdkman/candidates/java/11.0.1-open!/jdk.hotspot.agent" type="simple" />
            <root url="jrt:///home/lucas/.sdkman/candidates/java/11.0.1-open!/jdk.httpserver" type="simple" />
            <root url="jrt:///home/lucas/.sdkman/candidates/java/11.0.1-open!/jdk.internal.ed" type="simple" />
            <root url="jrt:///home/lucas/.sdkman/candidates/java/11.0.1-open!/jdk.internal.jvmstat" type="simple" />
            <root url="jrt:///home/lucas/.sdkman/candidates/java/11.0.1-open!/jdk.internal.le" type="simple" />
            <root url="jrt:///home/lucas/.sdkman/candidates/java/11.0.1-open!/jdk.internal.opt" type="simple" />
            <root url="jrt:///home/lucas/.sdkman/candidates/java/11.0.1-open!/jdk.internal.vm.ci" type="simple" />
            <root url="jrt:///home/lucas/.sdkman/candidates/java/11.0.1-open!/jdk.internal.vm.compiler" type="simple" />
            <root url="jrt:///home/lucas/.sdkman/candidates/java/11.0.1-open!/jdk.internal.vm.compiler.management" type="simple" />
            <root url="jrt:///home/lucas/.sdkman/candidates/java/11.0.1-open!/jdk.jartool" type="simple" />
            <root url="jrt:///home/lucas/.sdkman/candidates/java/11.0.1-open!/jdk.javadoc" type="simple" />
            <root url="jrt:///home/lucas/.sdkman/candidates/java/11.0.1-open!/jdk.jcmd" type="simple" />
            <root url="jrt:///home/lucas/.sdkman/candidates/java/11.0.1-open!/jdk.jconsole" type="simple" />
            <root url="jrt:///home/lucas/.sdkman/candidates/java/11.0.1-open!/jdk.jdeps" type="simple" />
            <root url="jrt:///home/lucas/.sdkman/candidates/java/11.0.1-open!/jdk.jdi" type="simple" />
            <root url="jrt:///home/lucas/.sdkman/candidates/java/11.0.1-open!/jdk.jdwp.agent" type="simple" />
            <root url="jrt:///home/lucas/.sdkman/candidates/java/11.0.1-open!/jdk.jfr" type="simple" />
            <root url="jrt:///home/lucas/.sdkman/candidates/java/11.0.1-open!/jdk.jlink" type="simple" />
            <root url="jrt:///home/lucas/.sdkman/candidates/java/11.0.1-open!/jdk.jshell" type="simple" />
            <root url="jrt:///home/lucas/.sdkman/candidates/java/11.0.1-open!/jdk.jsobject" type="simple" />
            <root url="jrt:///home/lucas/.sdkman/candidates/java/11.0.1-open!/jdk.jstatd" type="simple" />
            <root url="jrt:///home/lucas/.sdkman/candidates/java/11.0.1-open!/jdk.localedata" type="simple" />
            <root url="jrt:///home/lucas/.sdkman/candidates/java/11.0.1-open!/jdk.management" type="simple" />
            <root url="jrt:///home/lucas/.sdkman/candidates/java/11.0.1-open!/jdk.management.agent" type="simple" />
            <root url="jrt:///home/lucas/.sdkman/candidates/java/11.0.1-open!/jdk.management.jfr" type="simple" />
            <root url="jrt:///home/lucas/.sdkman/candidates/java/11.0.1-open!/jdk.naming.dns" type="simple" />
            <root url="jrt:///home/lucas/.sdkman/candidates/java/11.0.1-open!/jdk.naming.rmi" type="simple" />
            <root url="jrt:///home/lucas/.sdkman/candidates/java/11.0.1-open!/jdk.net" type="simple" />
            <root url="jrt:///home/lucas/.sdkman/candidates/java/11.0.1-open!/jdk.pack" type="simple" />
            <root url="jrt:///home/lucas/.sdkman/candidates/java/11.0.1-open!/jdk.rmic" type="simple" />
            <root url="jrt:///home/lucas/.sdkman/candidates/java/11.0.1-open!/jdk.scripting.nashorn" type="simple" />
            <root url="jrt:///home/lucas/.sdkman/candidates/java/11.0.1-open!/jdk.scripting.nashorn.shell" type="simple" />
            <root url="jrt:///home/lucas/.sdkman/candidates/java/11.0.1-open!/jdk.sctp" type="simple" />
            <root url="jrt:///home/lucas/.sdkman/candidates/java/11.0.1-open!/jdk.security.auth" type="simple" />
            <root url="jrt:///home/lucas/.sdkman/candidates/java/11.0.1-open!/jdk.security.jgss" type="simple" />
            <root url="jrt:///home/lucas/.sdkman/candidates/java/11.0.1-open!/jdk.unsupported" type="simple" />
            <root url="jrt:///home/lucas/.sdkman/candidates/java/11.0.1-open!/jdk.unsupported.desktop" type="simple" />
            <root url="jrt:///home/lucas/.sdkman/candidates/java/11.0.1-open!/jdk.xml.dom" type="simple" />
            <root url="jrt:///home/lucas/.sdkman/candidates/java/11.0.1-open!/jdk.zipfs" type="simple" />
          </root>
        </classPath>
        <javadocPath>
          <root type="composite" />
        </javadocPath>
        <sourcePath>
          <root type="composite">
            <root url="jar://$USER_HOME$/.sdkman/candidates/java/11.0.1-open/lib/src.zip!/java.se" type="simple" />
            <root url="jar://$USER_HOME$/.sdkman/candidates/java/11.0.1-open/lib/src.zip!/jdk.aot" type="simple" />
            <root url="jar://$USER_HOME$/.sdkman/candidates/java/11.0.1-open/lib/src.zip!/jdk.jdi" type="simple" />
            <root url="jar://$USER_HOME$/.sdkman/candidates/java/11.0.1-open/lib/src.zip!/jdk.jfr" type="simple" />
            <root url="jar://$USER_HOME$/.sdkman/candidates/java/11.0.1-open/lib/src.zip!/jdk.net" type="simple" />
            <root url="jar://$USER_HOME$/.sdkman/candidates/java/11.0.1-open/lib/src.zip!/java.rmi" type="simple" />
            <root url="jar://$USER_HOME$/.sdkman/candidates/java/11.0.1-open/lib/src.zip!/java.sql" type="simple" />
            <root url="jar://$USER_HOME$/.sdkman/candidates/java/11.0.1-open/lib/src.zip!/java.xml" type="simple" />
            <root url="jar://$USER_HOME$/.sdkman/candidates/java/11.0.1-open/lib/src.zip!/jdk.jcmd" type="simple" />
            <root url="jar://$USER_HOME$/.sdkman/candidates/java/11.0.1-open/lib/src.zip!/jdk.pack" type="simple" />
            <root url="jar://$USER_HOME$/.sdkman/candidates/java/11.0.1-open/lib/src.zip!/jdk.rmic" type="simple" />
            <root url="jar://$USER_HOME$/.sdkman/candidates/java/11.0.1-open/lib/src.zip!/jdk.sctp" type="simple" />
            <root url="jar://$USER_HOME$/.sdkman/candidates/java/11.0.1-open/lib/src.zip!/java.base" type="simple" />
            <root url="jar://$USER_HOME$/.sdkman/candidates/java/11.0.1-open/lib/src.zip!/jdk.jdeps" type="simple" />
            <root url="jar://$USER_HOME$/.sdkman/candidates/java/11.0.1-open/lib/src.zip!/jdk.jlink" type="simple" />
            <root url="jar://$USER_HOME$/.sdkman/candidates/java/11.0.1-open/lib/src.zip!/jdk.zipfs" type="simple" />
            <root url="jar://$USER_HOME$/.sdkman/candidates/java/11.0.1-open/lib/src.zip!/java.prefs" type="simple" />
            <root url="jar://$USER_HOME$/.sdkman/candidates/java/11.0.1-open/lib/src.zip!/jdk.attach" type="simple" />
            <root url="jar://$USER_HOME$/.sdkman/candidates/java/11.0.1-open/lib/src.zip!/jdk.jshell" type="simple" />
            <root url="jar://$USER_HOME$/.sdkman/candidates/java/11.0.1-open/lib/src.zip!/jdk.jstatd" type="simple" />
            <root url="jar://$USER_HOME$/.sdkman/candidates/java/11.0.1-open/lib/src.zip!/java.naming" type="simple" />
            <root url="jar://$USER_HOME$/.sdkman/candidates/java/11.0.1-open/lib/src.zip!/jdk.editpad" type="simple" />
            <root url="jar://$USER_HOME$/.sdkman/candidates/java/11.0.1-open/lib/src.zip!/jdk.jartool" type="simple" />
            <root url="jar://$USER_HOME$/.sdkman/candidates/java/11.0.1-open/lib/src.zip!/jdk.javadoc" type="simple" />
            <root url="jar://$USER_HOME$/.sdkman/candidates/java/11.0.1-open/lib/src.zip!/jdk.xml.dom" type="simple" />
            <root url="jar://$USER_HOME$/.sdkman/candidates/java/11.0.1-open/lib/src.zip!/java.desktop" type="simple" />
            <root url="jar://$USER_HOME$/.sdkman/candidates/java/11.0.1-open/lib/src.zip!/java.logging" type="simple" />
            <root url="jar://$USER_HOME$/.sdkman/candidates/java/11.0.1-open/lib/src.zip!/jdk.charsets" type="simple" />
            <root url="jar://$USER_HOME$/.sdkman/candidates/java/11.0.1-open/lib/src.zip!/jdk.compiler" type="simple" />
            <root url="jar://$USER_HOME$/.sdkman/candidates/java/11.0.1-open/lib/src.zip!/jdk.dynalink" type="simple" />
            <root url="jar://$USER_HOME$/.sdkman/candidates/java/11.0.1-open/lib/src.zip!/jdk.jconsole" type="simple" />
            <root url="jar://$USER_HOME$/.sdkman/candidates/java/11.0.1-open/lib/src.zip!/jdk.jsobject" type="simple" />
            <root url="jar://$USER_HOME$/.sdkman/candidates/java/11.0.1-open/lib/src.zip!/java.compiler" type="simple" />
            <root url="jar://$USER_HOME$/.sdkman/candidates/java/11.0.1-open/lib/src.zip!/java.net.http" type="simple" />
            <root url="jar://$USER_HOME$/.sdkman/candidates/java/11.0.1-open/lib/src.zip!/jdk.crypto.ec" type="simple" />
            <root url="jar://$USER_HOME$/.sdkman/candidates/java/11.0.1-open/lib/src.zip!/java.scripting" type="simple" />
            <root url="jar://$USER_HOME$/.sdkman/candidates/java/11.0.1-open/lib/src.zip!/jdk.httpserver" type="simple" />
            <root url="jar://$USER_HOME$/.sdkman/candidates/java/11.0.1-open/lib/src.zip!/jdk.jdwp.agent" type="simple" />
            <root url="jar://$USER_HOME$/.sdkman/candidates/java/11.0.1-open/lib/src.zip!/jdk.localedata" type="simple" />
            <root url="jar://$USER_HOME$/.sdkman/candidates/java/11.0.1-open/lib/src.zip!/jdk.management" type="simple" />
            <root url="jar://$USER_HOME$/.sdkman/candidates/java/11.0.1-open/lib/src.zip!/jdk.naming.dns" type="simple" />
            <root url="jar://$USER_HOME$/.sdkman/candidates/java/11.0.1-open/lib/src.zip!/jdk.naming.rmi" type="simple" />
            <root url="jar://$USER_HOME$/.sdkman/candidates/java/11.0.1-open/lib/src.zip!/java.instrument" type="simple" />
            <root url="jar://$USER_HOME$/.sdkman/candidates/java/11.0.1-open/lib/src.zip!/java.management" type="simple" />
            <root url="jar://$USER_HOME$/.sdkman/candidates/java/11.0.1-open/lib/src.zip!/java.sql.rowset" type="simple" />
            <root url="jar://$USER_HOME$/.sdkman/candidates/java/11.0.1-open/lib/src.zip!/java.xml.crypto" type="simple" />
            <root url="jar://$USER_HOME$/.sdkman/candidates/java/11.0.1-open/lib/src.zip!/jdk.internal.ed" type="simple" />
            <root url="jar://$USER_HOME$/.sdkman/candidates/java/11.0.1-open/lib/src.zip!/jdk.internal.le" type="simple" />
            <root url="jar://$USER_HOME$/.sdkman/candidates/java/11.0.1-open/lib/src.zip!/jdk.unsupported" type="simple" />
            <root url="jar://$USER_HOME$/.sdkman/candidates/java/11.0.1-open/lib/src.zip!/java.smartcardio" type="simple" />
            <root url="jar://$USER_HOME$/.sdkman/candidates/java/11.0.1-open/lib/src.zip!/jdk.internal.opt" type="simple" />
            <root url="jar://$USER_HOME$/.sdkman/candidates/java/11.0.1-open/lib/src.zip!/java.datatransfer" type="simple" />
            <root url="jar://$USER_HOME$/.sdkman/candidates/java/11.0.1-open/lib/src.zip!/jdk.accessibility" type="simple" />
            <root url="jar://$USER_HOME$/.sdkman/candidates/java/11.0.1-open/lib/src.zip!/jdk.hotspot.agent" type="simple" />
            <root url="jar://$USER_HOME$/.sdkman/candidates/java/11.0.1-open/lib/src.zip!/jdk.security.auth" type="simple" />
            <root url="jar://$USER_HOME$/.sdkman/candidates/java/11.0.1-open/lib/src.zip!/jdk.security.jgss" type="simple" />
            <root url="jar://$USER_HOME$/.sdkman/candidates/java/11.0.1-open/lib/src.zip!/java.security.jgss" type="simple" />
            <root url="jar://$USER_HOME$/.sdkman/candidates/java/11.0.1-open/lib/src.zip!/java.security.sasl" type="simple" />
            <root url="jar://$USER_HOME$/.sdkman/candidates/java/11.0.1-open/lib/src.zip!/jdk.internal.vm.ci" type="simple" />
            <root url="jar://$USER_HOME$/.sdkman/candidates/java/11.0.1-open/lib/src.zip!/jdk.management.jfr" type="simple" />
            <root url="jar://$USER_HOME$/.sdkman/candidates/java/11.0.1-open/lib/src.zip!/java.management.rmi" type="simple" />
            <root url="jar://$USER_HOME$/.sdkman/candidates/java/11.0.1-open/lib/src.zip!/java.transaction.xa" type="simple" />
            <root url="jar://$USER_HOME$/.sdkman/candidates/java/11.0.1-open/lib/src.zip!/jdk.crypto.cryptoki" type="simple" />
            <root url="jar://$USER_HOME$/.sdkman/candidates/java/11.0.1-open/lib/src.zip!/jdk.internal.jvmstat" type="simple" />
            <root url="jar://$USER_HOME$/.sdkman/candidates/java/11.0.1-open/lib/src.zip!/jdk.management.agent" type="simple" />
            <root url="jar://$USER_HOME$/.sdkman/candidates/java/11.0.1-open/lib/src.zip!/jdk.scripting.nashorn" type="simple" />
            <root url="jar://$USER_HOME$/.sdkman/candidates/java/11.0.1-open/lib/src.zip!/jdk.unsupported.desktop" type="simple" />
            <root url="jar://$USER_HOME$/.sdkman/candidates/java/11.0.1-open/lib/src.zip!/jdk.internal.vm.compiler" type="simple" />
            <root url="jar://$USER_HOME$/.sdkman/candidates/java/11.0.1-open/lib/src.zip!/jdk.scripting.nashorn.shell" type="simple" />
            <root url="jar://$USER_HOME$/.sdkman/candidates/java/11.0.1-open/lib/src.zip!/jdk.internal.vm.compiler.management" type="simple" />
          </root>
        </sourcePath>
      </roots>
      <additional />
    </jdk>
    <jdk version="2">
      <name value="1.8" />
      <type value="JavaSDK" />
      <version value="version 1.8.0_275" />
      <homePath value="$USER_HOME$/.sdkman/candidates/java/8.0.275.open-adpt" />
      <roots>
        <annotationsPath>
          <root type="composite">
            <root url="jar://$APPLICATION_HOME_DIR$/plugins/java/lib/jdkAnnotations.jar!/" type="simple" />
            <root url="jar://$APPLICATION_HOME_DIR$/plugins/java/lib/resources/jdkAnnotations.jar!/" type="simple" />
          </root>
        </annotationsPath>
        <classPath>
          <root type="composite">
            <root url="jar://$USER_HOME$/.sdkman/candidates/java/8.0.275.open-adpt/jre/lib/charsets.jar!/" type="simple" />
            <root url="jar://$USER_HOME$/.sdkman/candidates/java/8.0.275.open-adpt/jre/lib/ext/cldrdata.jar!/" type="simple" />
            <root url="jar://$USER_HOME$/.sdkman/candidates/java/8.0.275.open-adpt/jre/lib/ext/dnsns.jar!/" type="simple" />
            <root url="jar://$USER_HOME$/.sdkman/candidates/java/8.0.275.open-adpt/jre/lib/ext/jaccess.jar!/" type="simple" />
            <root url="jar://$USER_HOME$/.sdkman/candidates/java/8.0.275.open-adpt/jre/lib/ext/localedata.jar!/" type="simple" />
            <root url="jar://$USER_HOME$/.sdkman/candidates/java/8.0.275.open-adpt/jre/lib/ext/nashorn.jar!/" type="simple" />
            <root url="jar://$USER_HOME$/.sdkman/candidates/java/8.0.275.open-adpt/jre/lib/ext/sunec.jar!/" type="simple" />
            <root url="jar://$USER_HOME$/.sdkman/candidates/java/8.0.275.open-adpt/jre/lib/ext/sunjce_provider.jar!/" type="simple" />
            <root url="jar://$USER_HOME$/.sdkman/candidates/java/8.0.275.open-adpt/jre/lib/ext/sunpkcs11.jar!/" type="simple" />
            <root url="jar://$USER_HOME$/.sdkman/candidates/java/8.0.275.open-adpt/jre/lib/ext/zipfs.jar!/" type="simple" />
            <root url="jar://$USER_HOME$/.sdkman/candidates/java/8.0.275.open-adpt/jre/lib/jce.jar!/" type="simple" />
            <root url="jar://$USER_HOME$/.sdkman/candidates/java/8.0.275.open-adpt/jre/lib/jfr.jar!/" type="simple" />
            <root url="jar://$USER_HOME$/.sdkman/candidates/java/8.0.275.open-adpt/jre/lib/jsse.jar!/" type="simple" />
            <root url="jar://$USER_HOME$/.sdkman/candidates/java/8.0.275.open-adpt/jre/lib/management-agent.jar!/" type="simple" />
            <root url="jar://$USER_HOME$/.sdkman/candidates/java/8.0.275.open-adpt/jre/lib/resources.jar!/" type="simple" />
            <root url="jar://$USER_HOME$/.sdkman/candidates/java/8.0.275.open-adpt/jre/lib/rt.jar!/" type="simple" />
          </root>
        </classPath>
        <javadocPath>
          <root type="composite" />
        </javadocPath>
        <sourcePath>
          <root type="composite">
            <root url="jar://$USER_HOME$/.sdkman/candidates/java/8.0.275.open-adpt/src.zip!/" type="simple" />
          </root>
        </sourcePath>
      </roots>
      <additional />
    </jdk>
    <jdk version="2">
      <name value="Python 3.6" />
      <type value="Python SDK" />
      <version value="Python 3.6.8" />
      <homePath value="/usr/bin/python3.6" />
      <roots>
        <annotationsPath>
          <root type="composite" />
        </annotationsPath>
        <classPath>
          <root type="composite">
            <root url="file:///usr/lib/python3.6" type="simple" />
            <root url="file:///usr/lib/python3.6/lib-dynload" type="simple" />
            <root url="file://$USER_HOME$/.local/lib/python3.6/site-packages" type="simple" />
            <root url="file:///usr/local/lib/python3.6/dist-packages" type="simple" />
            <root url="file:///usr/lib/python3/dist-packages" type="simple" />
            <root url="file:///usr/lib/python3.6/dist-packages" type="simple" />
            <root url="file://$USER_HOME$/.IdeaIC2019.2/system/python_stubs/-1247971763" type="simple" />
            <root url="file://$APPLICATION_PLUGINS_DIR$/python-ce/helpers/python-skeletons" type="simple" />
            <root url="file://$APPLICATION_PLUGINS_DIR$/python-ce/helpers/typeshed/stdlib/3" type="simple" />
            <root url="file://$APPLICATION_PLUGINS_DIR$/python-ce/helpers/typeshed/stdlib/2and3" type="simple" />
            <root url="file://$APPLICATION_PLUGINS_DIR$/python-ce/helpers/typeshed/third_party/3" type="simple" />
            <root url="file://$APPLICATION_PLUGINS_DIR$/python-ce/helpers/typeshed/third_party/2and3" type="simple" />
          </root>
        </classPath>
        <javadocPath>
          <root type="composite" />
        </javadocPath>
        <sourcePath>
          <root type="composite" />
        </sourcePath>
      </roots>
      <additional />
    </jdk>
    <jdk version="2">
      <name value="adopt-openjdk-14" />
      <type value="JavaSDK" />
      <version value="version 14.0.2" />
      <homePath value="$USER_HOME$/.jdks/adopt-openjdk-14.0.2" />
      <roots>
        <annotationsPath>
          <root type="composite">
            <root url="jar://$APPLICATION_HOME_DIR$/plugins/java/lib/jdkAnnotations.jar!/" type="simple" />
          </root>
        </annotationsPath>
        <classPath>
          <root type="composite">
            <root url="jrt:///home/louckousse/.jdks/adopt-openjdk-14.0.2!/java.base" type="simple" />
            <root url="jrt:///home/louckousse/.jdks/adopt-openjdk-14.0.2!/java.compiler" type="simple" />
            <root url="jrt:///home/louckousse/.jdks/adopt-openjdk-14.0.2!/java.datatransfer" type="simple" />
            <root url="jrt:///home/louckousse/.jdks/adopt-openjdk-14.0.2!/java.desktop" type="simple" />
            <root url="jrt:///home/louckousse/.jdks/adopt-openjdk-14.0.2!/java.instrument" type="simple" />
            <root url="jrt:///home/louckousse/.jdks/adopt-openjdk-14.0.2!/java.logging" type="simple" />
            <root url="jrt:///home/louckousse/.jdks/adopt-openjdk-14.0.2!/java.management" type="simple" />
            <root url="jrt:///home/louckousse/.jdks/adopt-openjdk-14.0.2!/java.management.rmi" type="simple" />
            <root url="jrt:///home/louckousse/.jdks/adopt-openjdk-14.0.2!/java.naming" type="simple" />
            <root url="jrt:///home/louckousse/.jdks/adopt-openjdk-14.0.2!/java.net.http" type="simple" />
            <root url="jrt:///home/louckousse/.jdks/adopt-openjdk-14.0.2!/java.prefs" type="simple" />
            <root url="jrt:///home/louckousse/.jdks/adopt-openjdk-14.0.2!/java.rmi" type="simple" />
            <root url="jrt:///home/louckousse/.jdks/adopt-openjdk-14.0.2!/java.scripting" type="simple" />
            <root url="jrt:///home/louckousse/.jdks/adopt-openjdk-14.0.2!/java.se" type="simple" />
            <root url="jrt:///home/louckousse/.jdks/adopt-openjdk-14.0.2!/java.security.jgss" type="simple" />
            <root url="jrt:///home/louckousse/.jdks/adopt-openjdk-14.0.2!/java.security.sasl" type="simple" />
            <root url="jrt:///home/louckousse/.jdks/adopt-openjdk-14.0.2!/java.smartcardio" type="simple" />
            <root url="jrt:///home/louckousse/.jdks/adopt-openjdk-14.0.2!/java.sql" type="simple" />
            <root url="jrt:///home/louckousse/.jdks/adopt-openjdk-14.0.2!/java.sql.rowset" type="simple" />
            <root url="jrt:///home/louckousse/.jdks/adopt-openjdk-14.0.2!/java.transaction.xa" type="simple" />
            <root url="jrt:///home/louckousse/.jdks/adopt-openjdk-14.0.2!/java.xml" type="simple" />
            <root url="jrt:///home/louckousse/.jdks/adopt-openjdk-14.0.2!/java.xml.crypto" type="simple" />
            <root url="jrt:///home/louckousse/.jdks/adopt-openjdk-14.0.2!/jdk.accessibility" type="simple" />
            <root url="jrt:///home/louckousse/.jdks/adopt-openjdk-14.0.2!/jdk.aot" type="simple" />
            <root url="jrt:///home/louckousse/.jdks/adopt-openjdk-14.0.2!/jdk.attach" type="simple" />
            <root url="jrt:///home/louckousse/.jdks/adopt-openjdk-14.0.2!/jdk.charsets" type="simple" />
            <root url="jrt:///home/louckousse/.jdks/adopt-openjdk-14.0.2!/jdk.compiler" type="simple" />
            <root url="jrt:///home/louckousse/.jdks/adopt-openjdk-14.0.2!/jdk.crypto.cryptoki" type="simple" />
            <root url="jrt:///home/louckousse/.jdks/adopt-openjdk-14.0.2!/jdk.crypto.ec" type="simple" />
            <root url="jrt:///home/louckousse/.jdks/adopt-openjdk-14.0.2!/jdk.dynalink" type="simple" />
            <root url="jrt:///home/louckousse/.jdks/adopt-openjdk-14.0.2!/jdk.editpad" type="simple" />
            <root url="jrt:///home/louckousse/.jdks/adopt-openjdk-14.0.2!/jdk.hotspot.agent" type="simple" />
            <root url="jrt:///home/louckousse/.jdks/adopt-openjdk-14.0.2!/jdk.httpserver" type="simple" />
            <root url="jrt:///home/louckousse/.jdks/adopt-openjdk-14.0.2!/jdk.incubator.foreign" type="simple" />
            <root url="jrt:///home/louckousse/.jdks/adopt-openjdk-14.0.2!/jdk.incubator.jpackage" type="simple" />
            <root url="jrt:///home/louckousse/.jdks/adopt-openjdk-14.0.2!/jdk.internal.ed" type="simple" />
            <root url="jrt:///home/louckousse/.jdks/adopt-openjdk-14.0.2!/jdk.internal.jvmstat" type="simple" />
            <root url="jrt:///home/louckousse/.jdks/adopt-openjdk-14.0.2!/jdk.internal.le" type="simple" />
            <root url="jrt:///home/louckousse/.jdks/adopt-openjdk-14.0.2!/jdk.internal.opt" type="simple" />
            <root url="jrt:///home/louckousse/.jdks/adopt-openjdk-14.0.2!/jdk.internal.vm.ci" type="simple" />
            <root url="jrt:///home/louckousse/.jdks/adopt-openjdk-14.0.2!/jdk.internal.vm.compiler" type="simple" />
            <root url="jrt:///home/louckousse/.jdks/adopt-openjdk-14.0.2!/jdk.internal.vm.compiler.management" type="simple" />
            <root url="jrt:///home/louckousse/.jdks/adopt-openjdk-14.0.2!/jdk.jartool" type="simple" />
            <root url="jrt:///home/louckousse/.jdks/adopt-openjdk-14.0.2!/jdk.javadoc" type="simple" />
            <root url="jrt:///home/louckousse/.jdks/adopt-openjdk-14.0.2!/jdk.jcmd" type="simple" />
            <root url="jrt:///home/louckousse/.jdks/adopt-openjdk-14.0.2!/jdk.jconsole" type="simple" />
            <root url="jrt:///home/louckousse/.jdks/adopt-openjdk-14.0.2!/jdk.jdeps" type="simple" />
            <root url="jrt:///home/louckousse/.jdks/adopt-openjdk-14.0.2!/jdk.jdi" type="simple" />
            <root url="jrt:///home/louckousse/.jdks/adopt-openjdk-14.0.2!/jdk.jdwp.agent" type="simple" />
            <root url="jrt:///home/louckousse/.jdks/adopt-openjdk-14.0.2!/jdk.jfr" type="simple" />
            <root url="jrt:///home/louckousse/.jdks/adopt-openjdk-14.0.2!/jdk.jlink" type="simple" />
            <root url="jrt:///home/louckousse/.jdks/adopt-openjdk-14.0.2!/jdk.jshell" type="simple" />
            <root url="jrt:///home/louckousse/.jdks/adopt-openjdk-14.0.2!/jdk.jsobject" type="simple" />
            <root url="jrt:///home/louckousse/.jdks/adopt-openjdk-14.0.2!/jdk.jstatd" type="simple" />
            <root url="jrt:///home/louckousse/.jdks/adopt-openjdk-14.0.2!/jdk.localedata" type="simple" />
            <root url="jrt:///home/louckousse/.jdks/adopt-openjdk-14.0.2!/jdk.management" type="simple" />
            <root url="jrt:///home/louckousse/.jdks/adopt-openjdk-14.0.2!/jdk.management.agent" type="simple" />
            <root url="jrt:///home/louckousse/.jdks/adopt-openjdk-14.0.2!/jdk.management.jfr" type="simple" />
            <root url="jrt:///home/louckousse/.jdks/adopt-openjdk-14.0.2!/jdk.naming.dns" type="simple" />
            <root url="jrt:///home/louckousse/.jdks/adopt-openjdk-14.0.2!/jdk.naming.rmi" type="simple" />
            <root url="jrt:///home/louckousse/.jdks/adopt-openjdk-14.0.2!/jdk.net" type="simple" />
            <root url="jrt:///home/louckousse/.jdks/adopt-openjdk-14.0.2!/jdk.nio.mapmode" type="simple" />
            <root url="jrt:///home/louckousse/.jdks/adopt-openjdk-14.0.2!/jdk.rmic" type="simple" />
            <root url="jrt:///home/louckousse/.jdks/adopt-openjdk-14.0.2!/jdk.scripting.nashorn" type="simple" />
            <root url="jrt:///home/louckousse/.jdks/adopt-openjdk-14.0.2!/jdk.scripting.nashorn.shell" type="simple" />
            <root url="jrt:///home/louckousse/.jdks/adopt-openjdk-14.0.2!/jdk.sctp" type="simple" />
            <root url="jrt:///home/louckousse/.jdks/adopt-openjdk-14.0.2!/jdk.security.auth" type="simple" />
            <root url="jrt:///home/louckousse/.jdks/adopt-openjdk-14.0.2!/jdk.security.jgss" type="simple" />
            <root url="jrt:///home/louckousse/.jdks/adopt-openjdk-14.0.2!/jdk.unsupported" type="simple" />
            <root url="jrt:///home/louckousse/.jdks/adopt-openjdk-14.0.2!/jdk.unsupported.desktop" type="simple" />
            <root url="jrt:///home/louckousse/.jdks/adopt-openjdk-14.0.2!/jdk.xml.dom" type="simple" />
            <root url="jrt:///home/louckousse/.jdks/adopt-openjdk-14.0.2!/jdk.zipfs" type="simple" />
          </root>
        </classPath>
        <javadocPath>
          <root type="composite" />
        </javadocPath>
        <sourcePath>
          <root type="composite">
            <root url="jar://$USER_HOME$/.jdks/adopt-openjdk-14.0.2/lib/src.zip!/java.se" type="simple" />
            <root url="jar://$USER_HOME$/.jdks/adopt-openjdk-14.0.2/lib/src.zip!/jdk.aot" type="simple" />
            <root url="jar://$USER_HOME$/.jdks/adopt-openjdk-14.0.2/lib/src.zip!/jdk.jdi" type="simple" />
            <root url="jar://$USER_HOME$/.jdks/adopt-openjdk-14.0.2/lib/src.zip!/jdk.jfr" type="simple" />
            <root url="jar://$USER_HOME$/.jdks/adopt-openjdk-14.0.2/lib/src.zip!/jdk.net" type="simple" />
            <root url="jar://$USER_HOME$/.jdks/adopt-openjdk-14.0.2/lib/src.zip!/java.rmi" type="simple" />
            <root url="jar://$USER_HOME$/.jdks/adopt-openjdk-14.0.2/lib/src.zip!/java.sql" type="simple" />
            <root url="jar://$USER_HOME$/.jdks/adopt-openjdk-14.0.2/lib/src.zip!/java.xml" type="simple" />
            <root url="jar://$USER_HOME$/.jdks/adopt-openjdk-14.0.2/lib/src.zip!/jdk.jcmd" type="simple" />
            <root url="jar://$USER_HOME$/.jdks/adopt-openjdk-14.0.2/lib/src.zip!/jdk.rmic" type="simple" />
            <root url="jar://$USER_HOME$/.jdks/adopt-openjdk-14.0.2/lib/src.zip!/jdk.sctp" type="simple" />
            <root url="jar://$USER_HOME$/.jdks/adopt-openjdk-14.0.2/lib/src.zip!/java.base" type="simple" />
            <root url="jar://$USER_HOME$/.jdks/adopt-openjdk-14.0.2/lib/src.zip!/jdk.jdeps" type="simple" />
            <root url="jar://$USER_HOME$/.jdks/adopt-openjdk-14.0.2/lib/src.zip!/jdk.jlink" type="simple" />
            <root url="jar://$USER_HOME$/.jdks/adopt-openjdk-14.0.2/lib/src.zip!/jdk.zipfs" type="simple" />
            <root url="jar://$USER_HOME$/.jdks/adopt-openjdk-14.0.2/lib/src.zip!/java.prefs" type="simple" />
            <root url="jar://$USER_HOME$/.jdks/adopt-openjdk-14.0.2/lib/src.zip!/jdk.attach" type="simple" />
            <root url="jar://$USER_HOME$/.jdks/adopt-openjdk-14.0.2/lib/src.zip!/jdk.jshell" type="simple" />
            <root url="jar://$USER_HOME$/.jdks/adopt-openjdk-14.0.2/lib/src.zip!/jdk.jstatd" type="simple" />
            <root url="jar://$USER_HOME$/.jdks/adopt-openjdk-14.0.2/lib/src.zip!/java.naming" type="simple" />
            <root url="jar://$USER_HOME$/.jdks/adopt-openjdk-14.0.2/lib/src.zip!/jdk.editpad" type="simple" />
            <root url="jar://$USER_HOME$/.jdks/adopt-openjdk-14.0.2/lib/src.zip!/jdk.jartool" type="simple" />
            <root url="jar://$USER_HOME$/.jdks/adopt-openjdk-14.0.2/lib/src.zip!/jdk.javadoc" type="simple" />
            <root url="jar://$USER_HOME$/.jdks/adopt-openjdk-14.0.2/lib/src.zip!/jdk.xml.dom" type="simple" />
            <root url="jar://$USER_HOME$/.jdks/adopt-openjdk-14.0.2/lib/src.zip!/java.desktop" type="simple" />
            <root url="jar://$USER_HOME$/.jdks/adopt-openjdk-14.0.2/lib/src.zip!/java.logging" type="simple" />
            <root url="jar://$USER_HOME$/.jdks/adopt-openjdk-14.0.2/lib/src.zip!/jdk.charsets" type="simple" />
            <root url="jar://$USER_HOME$/.jdks/adopt-openjdk-14.0.2/lib/src.zip!/jdk.compiler" type="simple" />
            <root url="jar://$USER_HOME$/.jdks/adopt-openjdk-14.0.2/lib/src.zip!/jdk.dynalink" type="simple" />
            <root url="jar://$USER_HOME$/.jdks/adopt-openjdk-14.0.2/lib/src.zip!/jdk.jconsole" type="simple" />
            <root url="jar://$USER_HOME$/.jdks/adopt-openjdk-14.0.2/lib/src.zip!/jdk.jsobject" type="simple" />
            <root url="jar://$USER_HOME$/.jdks/adopt-openjdk-14.0.2/lib/src.zip!/java.compiler" type="simple" />
            <root url="jar://$USER_HOME$/.jdks/adopt-openjdk-14.0.2/lib/src.zip!/java.net.http" type="simple" />
            <root url="jar://$USER_HOME$/.jdks/adopt-openjdk-14.0.2/lib/src.zip!/jdk.crypto.ec" type="simple" />
            <root url="jar://$USER_HOME$/.jdks/adopt-openjdk-14.0.2/lib/src.zip!/java.scripting" type="simple" />
            <root url="jar://$USER_HOME$/.jdks/adopt-openjdk-14.0.2/lib/src.zip!/jdk.httpserver" type="simple" />
            <root url="jar://$USER_HOME$/.jdks/adopt-openjdk-14.0.2/lib/src.zip!/jdk.jdwp.agent" type="simple" />
            <root url="jar://$USER_HOME$/.jdks/adopt-openjdk-14.0.2/lib/src.zip!/jdk.localedata" type="simple" />
            <root url="jar://$USER_HOME$/.jdks/adopt-openjdk-14.0.2/lib/src.zip!/jdk.management" type="simple" />
            <root url="jar://$USER_HOME$/.jdks/adopt-openjdk-14.0.2/lib/src.zip!/jdk.naming.dns" type="simple" />
            <root url="jar://$USER_HOME$/.jdks/adopt-openjdk-14.0.2/lib/src.zip!/jdk.naming.rmi" type="simple" />
            <root url="jar://$USER_HOME$/.jdks/adopt-openjdk-14.0.2/lib/src.zip!/java.instrument" type="simple" />
            <root url="jar://$USER_HOME$/.jdks/adopt-openjdk-14.0.2/lib/src.zip!/java.management" type="simple" />
            <root url="jar://$USER_HOME$/.jdks/adopt-openjdk-14.0.2/lib/src.zip!/java.sql.rowset" type="simple" />
            <root url="jar://$USER_HOME$/.jdks/adopt-openjdk-14.0.2/lib/src.zip!/java.xml.crypto" type="simple" />
            <root url="jar://$USER_HOME$/.jdks/adopt-openjdk-14.0.2/lib/src.zip!/jdk.internal.ed" type="simple" />
            <root url="jar://$USER_HOME$/.jdks/adopt-openjdk-14.0.2/lib/src.zip!/jdk.internal.le" type="simple" />
            <root url="jar://$USER_HOME$/.jdks/adopt-openjdk-14.0.2/lib/src.zip!/jdk.nio.mapmode" type="simple" />
            <root url="jar://$USER_HOME$/.jdks/adopt-openjdk-14.0.2/lib/src.zip!/jdk.unsupported" type="simple" />
            <root url="jar://$USER_HOME$/.jdks/adopt-openjdk-14.0.2/lib/src.zip!/java.smartcardio" type="simple" />
            <root url="jar://$USER_HOME$/.jdks/adopt-openjdk-14.0.2/lib/src.zip!/jdk.internal.opt" type="simple" />
            <root url="jar://$USER_HOME$/.jdks/adopt-openjdk-14.0.2/lib/src.zip!/java.datatransfer" type="simple" />
            <root url="jar://$USER_HOME$/.jdks/adopt-openjdk-14.0.2/lib/src.zip!/jdk.accessibility" type="simple" />
            <root url="jar://$USER_HOME$/.jdks/adopt-openjdk-14.0.2/lib/src.zip!/jdk.hotspot.agent" type="simple" />
            <root url="jar://$USER_HOME$/.jdks/adopt-openjdk-14.0.2/lib/src.zip!/jdk.security.auth" type="simple" />
            <root url="jar://$USER_HOME$/.jdks/adopt-openjdk-14.0.2/lib/src.zip!/jdk.security.jgss" type="simple" />
            <root url="jar://$USER_HOME$/.jdks/adopt-openjdk-14.0.2/lib/src.zip!/java.security.jgss" type="simple" />
            <root url="jar://$USER_HOME$/.jdks/adopt-openjdk-14.0.2/lib/src.zip!/java.security.sasl" type="simple" />
            <root url="jar://$USER_HOME$/.jdks/adopt-openjdk-14.0.2/lib/src.zip!/jdk.internal.vm.ci" type="simple" />
            <root url="jar://$USER_HOME$/.jdks/adopt-openjdk-14.0.2/lib/src.zip!/jdk.management.jfr" type="simple" />
            <root url="jar://$USER_HOME$/.jdks/adopt-openjdk-14.0.2/lib/src.zip!/java.management.rmi" type="simple" />
            <root url="jar://$USER_HOME$/.jdks/adopt-openjdk-14.0.2/lib/src.zip!/java.transaction.xa" type="simple" />
            <root url="jar://$USER_HOME$/.jdks/adopt-openjdk-14.0.2/lib/src.zip!/jdk.crypto.cryptoki" type="simple" />
            <root url="jar://$USER_HOME$/.jdks/adopt-openjdk-14.0.2/lib/src.zip!/jdk.internal.jvmstat" type="simple" />
            <root url="jar://$USER_HOME$/.jdks/adopt-openjdk-14.0.2/lib/src.zip!/jdk.management.agent" type="simple" />
            <root url="jar://$USER_HOME$/.jdks/adopt-openjdk-14.0.2/lib/src.zip!/jdk.incubator.foreign" type="simple" />
            <root url="jar://$USER_HOME$/.jdks/adopt-openjdk-14.0.2/lib/src.zip!/jdk.scripting.nashorn" type="simple" />
            <root url="jar://$USER_HOME$/.jdks/adopt-openjdk-14.0.2/lib/src.zip!/jdk.incubator.jpackage" type="simple" />
            <root url="jar://$USER_HOME$/.jdks/adopt-openjdk-14.0.2/lib/src.zip!/jdk.unsupported.desktop" type="simple" />
            <root url="jar://$USER_HOME$/.jdks/adopt-openjdk-14.0.2/lib/src.zip!/jdk.internal.vm.compiler" type="simple" />
            <root url="jar://$USER_HOME$/.jdks/adopt-openjdk-14.0.2/lib/src.zip!/jdk.scripting.nashorn.shell" type="simple" />
            <root url="jar://$USER_HOME$/.jdks/adopt-openjdk-14.0.2/lib/src.zip!/jdk.internal.vm.compiler.management" type="simple" />
          </root>
        </sourcePath>
      </roots>
      <additional />
    </jdk>
    <jdk version="2">
      <name value="17" />
      <type value="JavaSDK" />
      <version value="Oracle OpenJDK version 17.0.2" />
      <homePath value="$USER_HOME$/.sdkman/candidates/java/17.0.2-open" />
      <roots>
        <annotationsPath>
          <root type="composite">
            <root url="jar://$APPLICATION_HOME_DIR$/plugins/java/lib/resources/jdkAnnotations.jar!/" type="simple" />
          </root>
        </annotationsPath>
        <classPath>
          <root type="composite">
            <root url="jrt:///home/louckousse/.sdkman/candidates/java/17.0.2-open!/java.base" type="simple" />
            <root url="jrt:///home/louckousse/.sdkman/candidates/java/17.0.2-open!/java.compiler" type="simple" />
            <root url="jrt:///home/louckousse/.sdkman/candidates/java/17.0.2-open!/java.datatransfer" type="simple" />
            <root url="jrt:///home/louckousse/.sdkman/candidates/java/17.0.2-open!/java.desktop" type="simple" />
            <root url="jrt:///home/louckousse/.sdkman/candidates/java/17.0.2-open!/java.instrument" type="simple" />
            <root url="jrt:///home/louckousse/.sdkman/candidates/java/17.0.2-open!/java.logging" type="simple" />
            <root url="jrt:///home/louckousse/.sdkman/candidates/java/17.0.2-open!/java.management" type="simple" />
            <root url="jrt:///home/louckousse/.sdkman/candidates/java/17.0.2-open!/java.management.rmi" type="simple" />
            <root url="jrt:///home/louckousse/.sdkman/candidates/java/17.0.2-open!/java.naming" type="simple" />
            <root url="jrt:///home/louckousse/.sdkman/candidates/java/17.0.2-open!/java.net.http" type="simple" />
            <root url="jrt:///home/louckousse/.sdkman/candidates/java/17.0.2-open!/java.prefs" type="simple" />
            <root url="jrt:///home/louckousse/.sdkman/candidates/java/17.0.2-open!/java.rmi" type="simple" />
            <root url="jrt:///home/louckousse/.sdkman/candidates/java/17.0.2-open!/java.scripting" type="simple" />
            <root url="jrt:///home/louckousse/.sdkman/candidates/java/17.0.2-open!/java.se" type="simple" />
            <root url="jrt:///home/louckousse/.sdkman/candidates/java/17.0.2-open!/java.security.jgss" type="simple" />
            <root url="jrt:///home/louckousse/.sdkman/candidates/java/17.0.2-open!/java.security.sasl" type="simple" />
            <root url="jrt:///home/louckousse/.sdkman/candidates/java/17.0.2-open!/java.smartcardio" type="simple" />
            <root url="jrt:///home/louckousse/.sdkman/candidates/java/17.0.2-open!/java.sql" type="simple" />
            <root url="jrt:///home/louckousse/.sdkman/candidates/java/17.0.2-open!/java.sql.rowset" type="simple" />
            <root url="jrt:///home/louckousse/.sdkman/candidates/java/17.0.2-open!/java.transaction.xa" type="simple" />
            <root url="jrt:///home/louckousse/.sdkman/candidates/java/17.0.2-open!/java.xml" type="simple" />
            <root url="jrt:///home/louckousse/.sdkman/candidates/java/17.0.2-open!/java.xml.crypto" type="simple" />
            <root url="jrt:///home/louckousse/.sdkman/candidates/java/17.0.2-open!/jdk.accessibility" type="simple" />
            <root url="jrt:///home/louckousse/.sdkman/candidates/java/17.0.2-open!/jdk.attach" type="simple" />
            <root url="jrt:///home/louckousse/.sdkman/candidates/java/17.0.2-open!/jdk.charsets" type="simple" />
            <root url="jrt:///home/louckousse/.sdkman/candidates/java/17.0.2-open!/jdk.compiler" type="simple" />
            <root url="jrt:///home/louckousse/.sdkman/candidates/java/17.0.2-open!/jdk.crypto.cryptoki" type="simple" />
            <root url="jrt:///home/louckousse/.sdkman/candidates/java/17.0.2-open!/jdk.crypto.ec" type="simple" />
            <root url="jrt:///home/louckousse/.sdkman/candidates/java/17.0.2-open!/jdk.dynalink" type="simple" />
            <root url="jrt:///home/louckousse/.sdkman/candidates/java/17.0.2-open!/jdk.editpad" type="simple" />
            <root url="jrt:///home/louckousse/.sdkman/candidates/java/17.0.2-open!/jdk.hotspot.agent" type="simple" />
            <root url="jrt:///home/louckousse/.sdkman/candidates/java/17.0.2-open!/jdk.httpserver" type="simple" />
            <root url="jrt:///home/louckousse/.sdkman/candidates/java/17.0.2-open!/jdk.incubator.foreign" type="simple" />
            <root url="jrt:///home/louckousse/.sdkman/candidates/java/17.0.2-open!/jdk.incubator.vector" type="simple" />
            <root url="jrt:///home/louckousse/.sdkman/candidates/java/17.0.2-open!/jdk.internal.ed" type="simple" />
            <root url="jrt:///home/louckousse/.sdkman/candidates/java/17.0.2-open!/jdk.internal.jvmstat" type="simple" />
            <root url="jrt:///home/louckousse/.sdkman/candidates/java/17.0.2-open!/jdk.internal.le" type="simple" />
            <root url="jrt:///home/louckousse/.sdkman/candidates/java/17.0.2-open!/jdk.internal.opt" type="simple" />
            <root url="jrt:///home/louckousse/.sdkman/candidates/java/17.0.2-open!/jdk.internal.vm.ci" type="simple" />
            <root url="jrt:///home/louckousse/.sdkman/candidates/java/17.0.2-open!/jdk.internal.vm.compiler" type="simple" />
            <root url="jrt:///home/louckousse/.sdkman/candidates/java/17.0.2-open!/jdk.internal.vm.compiler.management" type="simple" />
            <root url="jrt:///home/louckousse/.sdkman/candidates/java/17.0.2-open!/jdk.jartool" type="simple" />
            <root url="jrt:///home/louckousse/.sdkman/candidates/java/17.0.2-open!/jdk.javadoc" type="simple" />
            <root url="jrt:///home/louckousse/.sdkman/candidates/java/17.0.2-open!/jdk.jcmd" type="simple" />
            <root url="jrt:///home/louckousse/.sdkman/candidates/java/17.0.2-open!/jdk.jconsole" type="simple" />
            <root url="jrt:///home/louckousse/.sdkman/candidates/java/17.0.2-open!/jdk.jdeps" type="simple" />
            <root url="jrt:///home/louckousse/.sdkman/candidates/java/17.0.2-open!/jdk.jdi" type="simple" />
            <root url="jrt:///home/louckousse/.sdkman/candidates/java/17.0.2-open!/jdk.jdwp.agent" type="simple" />
            <root url="jrt:///home/louckousse/.sdkman/candidates/java/17.0.2-open!/jdk.jfr" type="simple" />
            <root url="jrt:///home/louckousse/.sdkman/candidates/java/17.0.2-open!/jdk.jlink" type="simple" />
            <root url="jrt:///home/louckousse/.sdkman/candidates/java/17.0.2-open!/jdk.jpackage" type="simple" />
            <root url="jrt:///home/louckousse/.sdkman/candidates/java/17.0.2-open!/jdk.jshell" type="simple" />
            <root url="jrt:///home/louckousse/.sdkman/candidates/java/17.0.2-open!/jdk.jsobject" type="simple" />
            <root url="jrt:///home/louckousse/.sdkman/candidates/java/17.0.2-open!/jdk.jstatd" type="simple" />
            <root url="jrt:///home/louckousse/.sdkman/candidates/java/17.0.2-open!/jdk.localedata" type="simple" />
            <root url="jrt:///home/louckousse/.sdkman/candidates/java/17.0.2-open!/jdk.management" type="simple" />
            <root url="jrt:///home/louckousse/.sdkman/candidates/java/17.0.2-open!/jdk.management.agent" type="simple" />
            <root url="jrt:///home/louckousse/.sdkman/candidates/java/17.0.2-open!/jdk.management.jfr" type="simple" />
            <root url="jrt:///home/louckousse/.sdkman/candidates/java/17.0.2-open!/jdk.naming.dns" type="simple" />
            <root url="jrt:///home/louckousse/.sdkman/candidates/java/17.0.2-open!/jdk.naming.rmi" type="simple" />
            <root url="jrt:///home/louckousse/.sdkman/candidates/java/17.0.2-open!/jdk.net" type="simple" />
            <root url="jrt:///home/louckousse/.sdkman/candidates/java/17.0.2-open!/jdk.nio.mapmode" type="simple" />
            <root url="jrt:///home/louckousse/.sdkman/candidates/java/17.0.2-open!/jdk.random" type="simple" />
            <root url="jrt:///home/louckousse/.sdkman/candidates/java/17.0.2-open!/jdk.sctp" type="simple" />
            <root url="jrt:///home/louckousse/.sdkman/candidates/java/17.0.2-open!/jdk.security.auth" type="simple" />
            <root url="jrt:///home/louckousse/.sdkman/candidates/java/17.0.2-open!/jdk.security.jgss" type="simple" />
            <root url="jrt:///home/louckousse/.sdkman/candidates/java/17.0.2-open!/jdk.unsupported" type="simple" />
            <root url="jrt:///home/louckousse/.sdkman/candidates/java/17.0.2-open!/jdk.unsupported.desktop" type="simple" />
            <root url="jrt:///home/louckousse/.sdkman/candidates/java/17.0.2-open!/jdk.xml.dom" type="simple" />
            <root url="jrt:///home/louckousse/.sdkman/candidates/java/17.0.2-open!/jdk.zipfs" type="simple" />
          </root>
        </classPath>
        <javadocPath>
          <root type="composite" />
        </javadocPath>
        <sourcePath>
          <root type="composite">
            <root url="jar://$USER_HOME$/.sdkman/candidates/java/17.0.2-open/lib/src.zip!/java.se" type="simple" />
            <root url="jar://$USER_HOME$/.sdkman/candidates/java/17.0.2-open/lib/src.zip!/jdk.jdi" type="simple" />
            <root url="jar://$USER_HOME$/.sdkman/candidates/java/17.0.2-open/lib/src.zip!/jdk.jfr" type="simple" />
            <root url="jar://$USER_HOME$/.sdkman/candidates/java/17.0.2-open/lib/src.zip!/jdk.net" type="simple" />
            <root url="jar://$USER_HOME$/.sdkman/candidates/java/17.0.2-open/lib/src.zip!/java.rmi" type="simple" />
            <root url="jar://$USER_HOME$/.sdkman/candidates/java/17.0.2-open/lib/src.zip!/java.sql" type="simple" />
            <root url="jar://$USER_HOME$/.sdkman/candidates/java/17.0.2-open/lib/src.zip!/java.xml" type="simple" />
            <root url="jar://$USER_HOME$/.sdkman/candidates/java/17.0.2-open/lib/src.zip!/jdk.jcmd" type="simple" />
            <root url="jar://$USER_HOME$/.sdkman/candidates/java/17.0.2-open/lib/src.zip!/jdk.sctp" type="simple" />
            <root url="jar://$USER_HOME$/.sdkman/candidates/java/17.0.2-open/lib/src.zip!/java.base" type="simple" />
            <root url="jar://$USER_HOME$/.sdkman/candidates/java/17.0.2-open/lib/src.zip!/jdk.jdeps" type="simple" />
            <root url="jar://$USER_HOME$/.sdkman/candidates/java/17.0.2-open/lib/src.zip!/jdk.jlink" type="simple" />
            <root url="jar://$USER_HOME$/.sdkman/candidates/java/17.0.2-open/lib/src.zip!/jdk.zipfs" type="simple" />
            <root url="jar://$USER_HOME$/.sdkman/candidates/java/17.0.2-open/lib/src.zip!/java.prefs" type="simple" />
            <root url="jar://$USER_HOME$/.sdkman/candidates/java/17.0.2-open/lib/src.zip!/jdk.attach" type="simple" />
            <root url="jar://$USER_HOME$/.sdkman/candidates/java/17.0.2-open/lib/src.zip!/jdk.jshell" type="simple" />
            <root url="jar://$USER_HOME$/.sdkman/candidates/java/17.0.2-open/lib/src.zip!/jdk.jstatd" type="simple" />
            <root url="jar://$USER_HOME$/.sdkman/candidates/java/17.0.2-open/lib/src.zip!/jdk.random" type="simple" />
            <root url="jar://$USER_HOME$/.sdkman/candidates/java/17.0.2-open/lib/src.zip!/java.naming" type="simple" />
            <root url="jar://$USER_HOME$/.sdkman/candidates/java/17.0.2-open/lib/src.zip!/jdk.editpad" type="simple" />
            <root url="jar://$USER_HOME$/.sdkman/candidates/java/17.0.2-open/lib/src.zip!/jdk.jartool" type="simple" />
            <root url="jar://$USER_HOME$/.sdkman/candidates/java/17.0.2-open/lib/src.zip!/jdk.javadoc" type="simple" />
            <root url="jar://$USER_HOME$/.sdkman/candidates/java/17.0.2-open/lib/src.zip!/jdk.xml.dom" type="simple" />
            <root url="jar://$USER_HOME$/.sdkman/candidates/java/17.0.2-open/lib/src.zip!/java.desktop" type="simple" />
            <root url="jar://$USER_HOME$/.sdkman/candidates/java/17.0.2-open/lib/src.zip!/java.logging" type="simple" />
            <root url="jar://$USER_HOME$/.sdkman/candidates/java/17.0.2-open/lib/src.zip!/jdk.charsets" type="simple" />
            <root url="jar://$USER_HOME$/.sdkman/candidates/java/17.0.2-open/lib/src.zip!/jdk.compiler" type="simple" />
            <root url="jar://$USER_HOME$/.sdkman/candidates/java/17.0.2-open/lib/src.zip!/jdk.dynalink" type="simple" />
            <root url="jar://$USER_HOME$/.sdkman/candidates/java/17.0.2-open/lib/src.zip!/jdk.jconsole" type="simple" />
            <root url="jar://$USER_HOME$/.sdkman/candidates/java/17.0.2-open/lib/src.zip!/jdk.jpackage" type="simple" />
            <root url="jar://$USER_HOME$/.sdkman/candidates/java/17.0.2-open/lib/src.zip!/jdk.jsobject" type="simple" />
            <root url="jar://$USER_HOME$/.sdkman/candidates/java/17.0.2-open/lib/src.zip!/java.compiler" type="simple" />
            <root url="jar://$USER_HOME$/.sdkman/candidates/java/17.0.2-open/lib/src.zip!/java.net.http" type="simple" />
            <root url="jar://$USER_HOME$/.sdkman/candidates/java/17.0.2-open/lib/src.zip!/jdk.crypto.ec" type="simple" />
            <root url="jar://$USER_HOME$/.sdkman/candidates/java/17.0.2-open/lib/src.zip!/java.scripting" type="simple" />
            <root url="jar://$USER_HOME$/.sdkman/candidates/java/17.0.2-open/lib/src.zip!/jdk.httpserver" type="simple" />
            <root url="jar://$USER_HOME$/.sdkman/candidates/java/17.0.2-open/lib/src.zip!/jdk.jdwp.agent" type="simple" />
            <root url="jar://$USER_HOME$/.sdkman/candidates/java/17.0.2-open/lib/src.zip!/jdk.localedata" type="simple" />
            <root url="jar://$USER_HOME$/.sdkman/candidates/java/17.0.2-open/lib/src.zip!/jdk.management" type="simple" />
            <root url="jar://$USER_HOME$/.sdkman/candidates/java/17.0.2-open/lib/src.zip!/jdk.naming.dns" type="simple" />
            <root url="jar://$USER_HOME$/.sdkman/candidates/java/17.0.2-open/lib/src.zip!/jdk.naming.rmi" type="simple" />
            <root url="jar://$USER_HOME$/.sdkman/candidates/java/17.0.2-open/lib/src.zip!/java.instrument" type="simple" />
            <root url="jar://$USER_HOME$/.sdkman/candidates/java/17.0.2-open/lib/src.zip!/java.management" type="simple" />
            <root url="jar://$USER_HOME$/.sdkman/candidates/java/17.0.2-open/lib/src.zip!/java.sql.rowset" type="simple" />
            <root url="jar://$USER_HOME$/.sdkman/candidates/java/17.0.2-open/lib/src.zip!/java.xml.crypto" type="simple" />
            <root url="jar://$USER_HOME$/.sdkman/candidates/java/17.0.2-open/lib/src.zip!/jdk.internal.ed" type="simple" />
            <root url="jar://$USER_HOME$/.sdkman/candidates/java/17.0.2-open/lib/src.zip!/jdk.internal.le" type="simple" />
            <root url="jar://$USER_HOME$/.sdkman/candidates/java/17.0.2-open/lib/src.zip!/jdk.nio.mapmode" type="simple" />
            <root url="jar://$USER_HOME$/.sdkman/candidates/java/17.0.2-open/lib/src.zip!/jdk.unsupported" type="simple" />
            <root url="jar://$USER_HOME$/.sdkman/candidates/java/17.0.2-open/lib/src.zip!/java.smartcardio" type="simple" />
            <root url="jar://$USER_HOME$/.sdkman/candidates/java/17.0.2-open/lib/src.zip!/jdk.internal.opt" type="simple" />
            <root url="jar://$USER_HOME$/.sdkman/candidates/java/17.0.2-open/lib/src.zip!/java.datatransfer" type="simple" />
            <root url="jar://$USER_HOME$/.sdkman/candidates/java/17.0.2-open/lib/src.zip!/jdk.accessibility" type="simple" />
            <root url="jar://$USER_HOME$/.sdkman/candidates/java/17.0.2-open/lib/src.zip!/jdk.hotspot.agent" type="simple" />
            <root url="jar://$USER_HOME$/.sdkman/candidates/java/17.0.2-open/lib/src.zip!/jdk.security.auth" type="simple" />
            <root url="jar://$USER_HOME$/.sdkman/candidates/java/17.0.2-open/lib/src.zip!/jdk.security.jgss" type="simple" />
            <root url="jar://$USER_HOME$/.sdkman/candidates/java/17.0.2-open/lib/src.zip!/java.security.jgss" type="simple" />
            <root url="jar://$USER_HOME$/.sdkman/candidates/java/17.0.2-open/lib/src.zip!/java.security.sasl" type="simple" />
            <root url="jar://$USER_HOME$/.sdkman/candidates/java/17.0.2-open/lib/src.zip!/jdk.internal.vm.ci" type="simple" />
            <root url="jar://$USER_HOME$/.sdkman/candidates/java/17.0.2-open/lib/src.zip!/jdk.management.jfr" type="simple" />
            <root url="jar://$USER_HOME$/.sdkman/candidates/java/17.0.2-open/lib/src.zip!/java.management.rmi" type="simple" />
            <root url="jar://$USER_HOME$/.sdkman/candidates/java/17.0.2-open/lib/src.zip!/java.transaction.xa" type="simple" />
            <root url="jar://$USER_HOME$/.sdkman/candidates/java/17.0.2-open/lib/src.zip!/jdk.crypto.cryptoki" type="simple" />
            <root url="jar://$USER_HOME$/.sdkman/candidates/java/17.0.2-open/lib/src.zip!/jdk.incubator.vector" type="simple" />
            <root url="jar://$USER_HOME$/.sdkman/candidates/java/17.0.2-open/lib/src.zip!/jdk.internal.jvmstat" type="simple" />
            <root url="jar://$USER_HOME$/.sdkman/candidates/java/17.0.2-open/lib/src.zip!/jdk.management.agent" type="simple" />
            <root url="jar://$USER_HOME$/.sdkman/candidates/java/17.0.2-open/lib/src.zip!/jdk.incubator.foreign" type="simple" />
            <root url="jar://$USER_HOME$/.sdkman/candidates/java/17.0.2-open/lib/src.zip!/jdk.unsupported.desktop" type="simple" />
            <root url="jar://$USER_HOME$/.sdkman/candidates/java/17.0.2-open/lib/src.zip!/jdk.internal.vm.compiler" type="simple" />
            <root url="jar://$USER_HOME$/.sdkman/candidates/java/17.0.2-open/lib/src.zip!/jdk.internal.vm.compiler.management" type="simple" />
          </root>
        </sourcePath>
      </roots>
      <additional />
    </jdk>
    <jdk version="2">
      <name value="17 (2)" />
      <type value="JavaSDK" />
      <version value="Oracle OpenJDK version 17.0.2" />
      <homePath value="$USER_HOME$/.sdkman/candidates/java/17.0.2-open" />
      <roots>
        <annotationsPath>
          <root type="composite">
            <root url="jar://$APPLICATION_HOME_DIR$/plugins/java/lib/resources/jdkAnnotations.jar!/" type="simple" />
          </root>
        </annotationsPath>
        <classPath>
          <root type="composite">
            <root url="jrt:///home/louckousse/.sdkman/candidates/java/17.0.2-open!/java.base" type="simple" />
            <root url="jrt:///home/louckousse/.sdkman/candidates/java/17.0.2-open!/java.compiler" type="simple" />
            <root url="jrt:///home/louckousse/.sdkman/candidates/java/17.0.2-open!/java.datatransfer" type="simple" />
            <root url="jrt:///home/louckousse/.sdkman/candidates/java/17.0.2-open!/java.desktop" type="simple" />
            <root url="jrt:///home/louckousse/.sdkman/candidates/java/17.0.2-open!/java.instrument" type="simple" />
            <root url="jrt:///home/louckousse/.sdkman/candidates/java/17.0.2-open!/java.logging" type="simple" />
            <root url="jrt:///home/louckousse/.sdkman/candidates/java/17.0.2-open!/java.management" type="simple" />
            <root url="jrt:///home/louckousse/.sdkman/candidates/java/17.0.2-open!/java.management.rmi" type="simple" />
            <root url="jrt:///home/louckousse/.sdkman/candidates/java/17.0.2-open!/java.naming" type="simple" />
            <root url="jrt:///home/louckousse/.sdkman/candidates/java/17.0.2-open!/java.net.http" type="simple" />
            <root url="jrt:///home/louckousse/.sdkman/candidates/java/17.0.2-open!/java.prefs" type="simple" />
            <root url="jrt:///home/louckousse/.sdkman/candidates/java/17.0.2-open!/java.rmi" type="simple" />
            <root url="jrt:///home/louckousse/.sdkman/candidates/java/17.0.2-open!/java.scripting" type="simple" />
            <root url="jrt:///home/louckousse/.sdkman/candidates/java/17.0.2-open!/java.se" type="simple" />
            <root url="jrt:///home/louckousse/.sdkman/candidates/java/17.0.2-open!/java.security.jgss" type="simple" />
            <root url="jrt:///home/louckousse/.sdkman/candidates/java/17.0.2-open!/java.security.sasl" type="simple" />
            <root url="jrt:///home/louckousse/.sdkman/candidates/java/17.0.2-open!/java.smartcardio" type="simple" />
            <root url="jrt:///home/louckousse/.sdkman/candidates/java/17.0.2-open!/java.sql" type="simple" />
            <root url="jrt:///home/louckousse/.sdkman/candidates/java/17.0.2-open!/java.sql.rowset" type="simple" />
            <root url="jrt:///home/louckousse/.sdkman/candidates/java/17.0.2-open!/java.transaction.xa" type="simple" />
            <root url="jrt:///home/louckousse/.sdkman/candidates/java/17.0.2-open!/java.xml" type="simple" />
            <root url="jrt:///home/louckousse/.sdkman/candidates/java/17.0.2-open!/java.xml.crypto" type="simple" />
            <root url="jrt:///home/louckousse/.sdkman/candidates/java/17.0.2-open!/jdk.accessibility" type="simple" />
            <root url="jrt:///home/louckousse/.sdkman/candidates/java/17.0.2-open!/jdk.attach" type="simple" />
            <root url="jrt:///home/louckousse/.sdkman/candidates/java/17.0.2-open!/jdk.charsets" type="simple" />
            <root url="jrt:///home/louckousse/.sdkman/candidates/java/17.0.2-open!/jdk.compiler" type="simple" />
            <root url="jrt:///home/louckousse/.sdkman/candidates/java/17.0.2-open!/jdk.crypto.cryptoki" type="simple" />
            <root url="jrt:///home/louckousse/.sdkman/candidates/java/17.0.2-open!/jdk.crypto.ec" type="simple" />
            <root url="jrt:///home/louckousse/.sdkman/candidates/java/17.0.2-open!/jdk.dynalink" type="simple" />
            <root url="jrt:///home/louckousse/.sdkman/candidates/java/17.0.2-open!/jdk.editpad" type="simple" />
            <root url="jrt:///home/louckousse/.sdkman/candidates/java/17.0.2-open!/jdk.hotspot.agent" type="simple" />
            <root url="jrt:///home/louckousse/.sdkman/candidates/java/17.0.2-open!/jdk.httpserver" type="simple" />
            <root url="jrt:///home/louckousse/.sdkman/candidates/java/17.0.2-open!/jdk.incubator.foreign" type="simple" />
            <root url="jrt:///home/louckousse/.sdkman/candidates/java/17.0.2-open!/jdk.incubator.vector" type="simple" />
            <root url="jrt:///home/louckousse/.sdkman/candidates/java/17.0.2-open!/jdk.internal.ed" type="simple" />
            <root url="jrt:///home/louckousse/.sdkman/candidates/java/17.0.2-open!/jdk.internal.jvmstat" type="simple" />
            <root url="jrt:///home/louckousse/.sdkman/candidates/java/17.0.2-open!/jdk.internal.le" type="simple" />
            <root url="jrt:///home/louckousse/.sdkman/candidates/java/17.0.2-open!/jdk.internal.opt" type="simple" />
            <root url="jrt:///home/louckousse/.sdkman/candidates/java/17.0.2-open!/jdk.internal.vm.ci" type="simple" />
            <root url="jrt:///home/louckousse/.sdkman/candidates/java/17.0.2-open!/jdk.internal.vm.compiler" type="simple" />
            <root url="jrt:///home/louckousse/.sdkman/candidates/java/17.0.2-open!/jdk.internal.vm.compiler.management" type="simple" />
            <root url="jrt:///home/louckousse/.sdkman/candidates/java/17.0.2-open!/jdk.jartool" type="simple" />
            <root url="jrt:///home/louckousse/.sdkman/candidates/java/17.0.2-open!/jdk.javadoc" type="simple" />
            <root url="jrt:///home/louckousse/.sdkman/candidates/java/17.0.2-open!/jdk.jcmd" type="simple" />
            <root url="jrt:///home/louckousse/.sdkman/candidates/java/17.0.2-open!/jdk.jconsole" type="simple" />
            <root url="jrt:///home/louckousse/.sdkman/candidates/java/17.0.2-open!/jdk.jdeps" type="simple" />
            <root url="jrt:///home/louckousse/.sdkman/candidates/java/17.0.2-open!/jdk.jdi" type="simple" />
            <root url="jrt:///home/louckousse/.sdkman/candidates/java/17.0.2-open!/jdk.jdwp.agent" type="simple" />
            <root url="jrt:///home/louckousse/.sdkman/candidates/java/17.0.2-open!/jdk.jfr" type="simple" />
            <root url="jrt:///home/louckousse/.sdkman/candidates/java/17.0.2-open!/jdk.jlink" type="simple" />
            <root url="jrt:///home/louckousse/.sdkman/candidates/java/17.0.2-open!/jdk.jpackage" type="simple" />
            <root url="jrt:///home/louckousse/.sdkman/candidates/java/17.0.2-open!/jdk.jshell" type="simple" />
            <root url="jrt:///home/louckousse/.sdkman/candidates/java/17.0.2-open!/jdk.jsobject" type="simple" />
            <root url="jrt:///home/louckousse/.sdkman/candidates/java/17.0.2-open!/jdk.jstatd" type="simple" />
            <root url="jrt:///home/louckousse/.sdkman/candidates/java/17.0.2-open!/jdk.localedata" type="simple" />
            <root url="jrt:///home/louckousse/.sdkman/candidates/java/17.0.2-open!/jdk.management" type="simple" />
            <root url="jrt:///home/louckousse/.sdkman/candidates/java/17.0.2-open!/jdk.management.agent" type="simple" />
            <root url="jrt:///home/louckousse/.sdkman/candidates/java/17.0.2-open!/jdk.management.jfr" type="simple" />
            <root url="jrt:///home/louckousse/.sdkman/candidates/java/17.0.2-open!/jdk.naming.dns" type="simple" />
            <root url="jrt:///home/louckousse/.sdkman/candidates/java/17.0.2-open!/jdk.naming.rmi" type="simple" />
            <root url="jrt:///home/louckousse/.sdkman/candidates/java/17.0.2-open!/jdk.net" type="simple" />
            <root url="jrt:///home/louckousse/.sdkman/candidates/java/17.0.2-open!/jdk.nio.mapmode" type="simple" />
            <root url="jrt:///home/louckousse/.sdkman/candidates/java/17.0.2-open!/jdk.random" type="simple" />
            <root url="jrt:///home/louckousse/.sdkman/candidates/java/17.0.2-open!/jdk.sctp" type="simple" />
            <root url="jrt:///home/louckousse/.sdkman/candidates/java/17.0.2-open!/jdk.security.auth" type="simple" />
            <root url="jrt:///home/louckousse/.sdkman/candidates/java/17.0.2-open!/jdk.security.jgss" type="simple" />
            <root url="jrt:///home/louckousse/.sdkman/candidates/java/17.0.2-open!/jdk.unsupported" type="simple" />
            <root url="jrt:///home/louckousse/.sdkman/candidates/java/17.0.2-open!/jdk.unsupported.desktop" type="simple" />
            <root url="jrt:///home/louckousse/.sdkman/candidates/java/17.0.2-open!/jdk.xml.dom" type="simple" />
            <root url="jrt:///home/louckousse/.sdkman/candidates/java/17.0.2-open!/jdk.zipfs" type="simple" />
          </root>
        </classPath>
        <javadocPath>
          <root type="composite" />
        </javadocPath>
        <sourcePath>
          <root type="composite">
            <root url="jar://$USER_HOME$/.sdkman/candidates/java/17.0.2-open/lib/src.zip!/java.se" type="simple" />
            <root url="jar://$USER_HOME$/.sdkman/candidates/java/17.0.2-open/lib/src.zip!/jdk.jdi" type="simple" />
            <root url="jar://$USER_HOME$/.sdkman/candidates/java/17.0.2-open/lib/src.zip!/jdk.jfr" type="simple" />
            <root url="jar://$USER_HOME$/.sdkman/candidates/java/17.0.2-open/lib/src.zip!/jdk.net" type="simple" />
            <root url="jar://$USER_HOME$/.sdkman/candidates/java/17.0.2-open/lib/src.zip!/java.rmi" type="simple" />
            <root url="jar://$USER_HOME$/.sdkman/candidates/java/17.0.2-open/lib/src.zip!/java.sql" type="simple" />
            <root url="jar://$USER_HOME$/.sdkman/candidates/java/17.0.2-open/lib/src.zip!/java.xml" type="simple" />
            <root url="jar://$USER_HOME$/.sdkman/candidates/java/17.0.2-open/lib/src.zip!/jdk.jcmd" type="simple" />
            <root url="jar://$USER_HOME$/.sdkman/candidates/java/17.0.2-open/lib/src.zip!/jdk.sctp" type="simple" />
            <root url="jar://$USER_HOME$/.sdkman/candidates/java/17.0.2-open/lib/src.zip!/java.base" type="simple" />
            <root url="jar://$USER_HOME$/.sdkman/candidates/java/17.0.2-open/lib/src.zip!/jdk.jdeps" type="simple" />
            <root url="jar://$USER_HOME$/.sdkman/candidates/java/17.0.2-open/lib/src.zip!/jdk.jlink" type="simple" />
            <root url="jar://$USER_HOME$/.sdkman/candidates/java/17.0.2-open/lib/src.zip!/jdk.zipfs" type="simple" />
            <root url="jar://$USER_HOME$/.sdkman/candidates/java/17.0.2-open/lib/src.zip!/java.prefs" type="simple" />
            <root url="jar://$USER_HOME$/.sdkman/candidates/java/17.0.2-open/lib/src.zip!/jdk.attach" type="simple" />
            <root url="jar://$USER_HOME$/.sdkman/candidates/java/17.0.2-open/lib/src.zip!/jdk.jshell" type="simple" />
            <root url="jar://$USER_HOME$/.sdkman/candidates/java/17.0.2-open/lib/src.zip!/jdk.jstatd" type="simple" />
            <root url="jar://$USER_HOME$/.sdkman/candidates/java/17.0.2-open/lib/src.zip!/jdk.random" type="simple" />
            <root url="jar://$USER_HOME$/.sdkman/candidates/java/17.0.2-open/lib/src.zip!/java.naming" type="simple" />
            <root url="jar://$USER_HOME$/.sdkman/candidates/java/17.0.2-open/lib/src.zip!/jdk.editpad" type="simple" />
            <root url="jar://$USER_HOME$/.sdkman/candidates/java/17.0.2-open/lib/src.zip!/jdk.jartool" type="simple" />
            <root url="jar://$USER_HOME$/.sdkman/candidates/java/17.0.2-open/lib/src.zip!/jdk.javadoc" type="simple" />
            <root url="jar://$USER_HOME$/.sdkman/candidates/java/17.0.2-open/lib/src.zip!/jdk.xml.dom" type="simple" />
            <root url="jar://$USER_HOME$/.sdkman/candidates/java/17.0.2-open/lib/src.zip!/java.desktop" type="simple" />
            <root url="jar://$USER_HOME$/.sdkman/candidates/java/17.0.2-open/lib/src.zip!/java.logging" type="simple" />
            <root url="jar://$USER_HOME$/.sdkman/candidates/java/17.0.2-open/lib/src.zip!/jdk.charsets" type="simple" />
            <root url="jar://$USER_HOME$/.sdkman/candidates/java/17.0.2-open/lib/src.zip!/jdk.compiler" type="simple" />
            <root url="jar://$USER_HOME$/.sdkman/candidates/java/17.0.2-open/lib/src.zip!/jdk.dynalink" type="simple" />
            <root url="jar://$USER_HOME$/.sdkman/candidates/java/17.0.2-open/lib/src.zip!/jdk.jconsole" type="simple" />
            <root url="jar://$USER_HOME$/.sdkman/candidates/java/17.0.2-open/lib/src.zip!/jdk.jpackage" type="simple" />
            <root url="jar://$USER_HOME$/.sdkman/candidates/java/17.0.2-open/lib/src.zip!/jdk.jsobject" type="simple" />
            <root url="jar://$USER_HOME$/.sdkman/candidates/java/17.0.2-open/lib/src.zip!/java.compiler" type="simple" />
            <root url="jar://$USER_HOME$/.sdkman/candidates/java/17.0.2-open/lib/src.zip!/java.net.http" type="simple" />
            <root url="jar://$USER_HOME$/.sdkman/candidates/java/17.0.2-open/lib/src.zip!/jdk.crypto.ec" type="simple" />
            <root url="jar://$USER_HOME$/.sdkman/candidates/java/17.0.2-open/lib/src.zip!/java.scripting" type="simple" />
            <root url="jar://$USER_HOME$/.sdkman/candidates/java/17.0.2-open/lib/src.zip!/jdk.httpserver" type="simple" />
            <root url="jar://$USER_HOME$/.sdkman/candidates/java/17.0.2-open/lib/src.zip!/jdk.jdwp.agent" type="simple" />
            <root url="jar://$USER_HOME$/.sdkman/candidates/java/17.0.2-open/lib/src.zip!/jdk.localedata" type="simple" />
            <root url="jar://$USER_HOME$/.sdkman/candidates/java/17.0.2-open/lib/src.zip!/jdk.management" type="simple" />
            <root url="jar://$USER_HOME$/.sdkman/candidates/java/17.0.2-open/lib/src.zip!/jdk.naming.dns" type="simple" />
            <root url="jar://$USER_HOME$/.sdkman/candidates/java/17.0.2-open/lib/src.zip!/jdk.naming.rmi" type="simple" />
            <root url="jar://$USER_HOME$/.sdkman/candidates/java/17.0.2-open/lib/src.zip!/java.instrument" type="simple" />
            <root url="jar://$USER_HOME$/.sdkman/candidates/java/17.0.2-open/lib/src.zip!/java.management" type="simple" />
            <root url="jar://$USER_HOME$/.sdkman/candidates/java/17.0.2-open/lib/src.zip!/java.sql.rowset" type="simple" />
            <root url="jar://$USER_HOME$/.sdkman/candidates/java/17.0.2-open/lib/src.zip!/java.xml.crypto" type="simple" />
            <root url="jar://$USER_HOME$/.sdkman/candidates/java/17.0.2-open/lib/src.zip!/jdk.internal.ed" type="simple" />
            <root url="jar://$USER_HOME$/.sdkman/candidates/java/17.0.2-open/lib/src.zip!/jdk.internal.le" type="simple" />
            <root url="jar://$USER_HOME$/.sdkman/candidates/java/17.0.2-open/lib/src.zip!/jdk.nio.mapmode" type="simple" />
            <root url="jar://$USER_HOME$/.sdkman/candidates/java/17.0.2-open/lib/src.zip!/jdk.unsupported" type="simple" />
            <root url="jar://$USER_HOME$/.sdkman/candidates/java/17.0.2-open/lib/src.zip!/java.smartcardio" type="simple" />
            <root url="jar://$USER_HOME$/.sdkman/candidates/java/17.0.2-open/lib/src.zip!/jdk.internal.opt" type="simple" />
            <root url="jar://$USER_HOME$/.sdkman/candidates/java/17.0.2-open/lib/src.zip!/java.datatransfer" type="simple" />
            <root url="jar://$USER_HOME$/.sdkman/candidates/java/17.0.2-open/lib/src.zip!/jdk.accessibility" type="simple" />
            <root url="jar://$USER_HOME$/.sdkman/candidates/java/17.0.2-open/lib/src.zip!/jdk.hotspot.agent" type="simple" />
            <root url="jar://$USER_HOME$/.sdkman/candidates/java/17.0.2-open/lib/src.zip!/jdk.security.auth" type="simple" />
            <root url="jar://$USER_HOME$/.sdkman/candidates/java/17.0.2-open/lib/src.zip!/jdk.security.jgss" type="simple" />
            <root url="jar://$USER_HOME$/.sdkman/candidates/java/17.0.2-open/lib/src.zip!/java.security.jgss" type="simple" />
            <root url="jar://$USER_HOME$/.sdkman/candidates/java/17.0.2-open/lib/src.zip!/java.security.sasl" type="simple" />
            <root url="jar://$USER_HOME$/.sdkman/candidates/java/17.0.2-open/lib/src.zip!/jdk.internal.vm.ci" type="simple" />
            <root url="jar://$USER_HOME$/.sdkman/candidates/java/17.0.2-open/lib/src.zip!/jdk.management.jfr" type="simple" />
            <root url="jar://$USER_HOME$/.sdkman/candidates/java/17.0.2-open/lib/src.zip!/java.management.rmi" type="simple" />
            <root url="jar://$USER_HOME$/.sdkman/candidates/java/17.0.2-open/lib/src.zip!/java.transaction.xa" type="simple" />
            <root url="jar://$USER_HOME$/.sdkman/candidates/java/17.0.2-open/lib/src.zip!/jdk.crypto.cryptoki" type="simple" />
            <root url="jar://$USER_HOME$/.sdkman/candidates/java/17.0.2-open/lib/src.zip!/jdk.incubator.vector" type="simple" />
            <root url="jar://$USER_HOME$/.sdkman/candidates/java/17.0.2-open/lib/src.zip!/jdk.internal.jvmstat" type="simple" />
            <root url="jar://$USER_HOME$/.sdkman/candidates/java/17.0.2-open/lib/src.zip!/jdk.management.agent" type="simple" />
            <root url="jar://$USER_HOME$/.sdkman/candidates/java/17.0.2-open/lib/src.zip!/jdk.incubator.foreign" type="simple" />
            <root url="jar://$USER_HOME$/.sdkman/candidates/java/17.0.2-open/lib/src.zip!/jdk.unsupported.desktop" type="simple" />
            <root url="jar://$USER_HOME$/.sdkman/candidates/java/17.0.2-open/lib/src.zip!/jdk.internal.vm.compiler" type="simple" />
            <root url="jar://$USER_HOME$/.sdkman/candidates/java/17.0.2-open/lib/src.zip!/jdk.internal.vm.compiler.management" type="simple" />
          </root>
        </sourcePath>
      </roots>
      <additional />
    </jdk>
  </component>
</application>