<application>
  <component name="SonarLintGlobalSettings">
    <option name="sonarQubeServers">
      <list>
        <SonarQubeServer>
          <option name="hostUrl" value="https://sonar.mymoneybank.fr" />
          <option name="name" value="mmb" />
          <option name="login" value="503031015" />
          <password>dffadfc6dfdbdfd9dfdadfc6dfdbdfd9df9b</password>
          <organizationKey>default-organization</organizationKey>
        </SonarQubeServer>
      </list>
    </option>
  </component>
</application>